MemberName,CharacterName,Class,Level,Race,Main/Alt,Rank,AvailableDKP,EarnedDKP,SpentDKP,ApplicationDate,MembershipDate
Acrurth,Nedraa,Shaman,55,Dark Elf,alternate,inactive,32,37,5,2024-10-25 23:43:34,
Acrurth,Acrurth,Cleric,55,Halfling,main,inactive,32,37,5,2024-10-25 23:43:34,
Adelwulf,Barrelroll,Rogue,50,Dwarf,alternate,inactive,41,178,137,2024-12-29 02:29:01,
Adelwulf,Adelwulf,Druid,57,Wood Elf,main,inactive,41,178,137,2024-12-29 02:29:01,
Adelwulf,Roory,Cleric,30,Human,alternate,inactive,41,178,137,2024-12-29 02:29:01,
Adelwulf,Axelwulf,Bard,19,Barbarian,alternate,inactive,41,178,137,2024-12-29 02:29:01,
Adexion,Adexion,Magician,60,Gnome,main,inactive,28,32,4,2025-05-29 18:58:54,
Aeolus,Aeolus,Paladin,60,High Elf,main,former,0,211,47,,
Aeolus,Imprint,Enchanter,60,Dark Elf,alternate,former,0,211,47,,
Aileranye,Aileranye,Beastlord,60,Vah Shir,main,member,8,401,393,2026-01-01 17:20:52,2026-01-24 03:25:16
Aileranye,Saberine,Shadow Knight,24,Iksar,alternate,member,8,401,393,2026-01-01 17:20:52,2026-01-24 03:25:16
Ajer,Ajer,Enchanter,55,Dark Elf,main,inactive,8,8,0,2025-06-16 17:25:33,
Alta,Alta,Paladin,37,High Elf,main,applicant,0,0,0,2026-06-21 05:57:18,
Aone,Aone,Monk,59,Iksar,main,former,0,32,24,,
Arder,Jerrik,Ranger,23,Half-Elf,alternate,member,185,443,261,2025-03-14 13:59:03,2025-05-13 19:17:58
Arder,Arder,Druid,60,Wood Elf,main,member,185,443,261,2025-03-14 13:59:03,2025-05-13 19:17:58
Arder,Axulus,Necromancer,53,Iksar,alternate,member,185,443,261,2025-03-14 13:59:03,2025-05-13 19:17:58
Arder,Sarini,Magician,50,Gnome,alternate,member,185,443,261,2025-03-14 13:59:03,2025-05-13 19:17:58
Arkuda,Arkuda,Druid,60,Wood Elf,main,applicant,0,0,0,2026-06-05 16:39:03,
Arlen,Arlen,Ranger,54,Human,main,former,0,30,3,,
Arnoldd,Arnoldd,Shaman,58,Ogre,main,member,28,46,18,2024-10-26 04:21:36,2024-10-28 21:12:11
Arnoldd,Redhawk,Druid,12,Halfling,alternate,member,28,46,18,2024-10-26 04:21:36,2024-10-28 21:12:11
Arrowleaf,Arrowleaf,Ranger,60,Wood Elf,main,member,18,21,3,2026-03-11 23:07:35,2026-04-05 05:04:56
Arshis,Arshis,Beastlord,60,Iksar,main,member,95,0,37,2026-07-16 18:57:11,2026-08-05 14:42:32
Arshis,Moltenstare,Warrior,60,Iksar,main,member,95,0,37,2026-07-16 18:57:11,2026-08-05 14:42:32
Artery,Artery,Cleric,60,Dark Elf,main,applicant,68,0,1,2026-08-10 10:58:31,
Artery,Denel,Paladin,60,Gnome,main,applicant,68,0,1,2026-08-10 10:58:31,
Artery,Kryn,Bard,60,Half-Elf,alternate,applicant,68,0,1,2026-08-10 10:58:31,
Artex,Artex,Necromancer,21,Iksar,main,member,0,0,0,2025-12-12 16:11:25,2026-04-24 01:34:25
Asharak,Struggles,Ranger,53,Halfling,alternate,officer,135,1531,1479,2024-10-25 23:12:11,
Asharak,Thecheat,Bard,60,Vah Shir,main,officer,135,1531,1479,2024-10-25 23:12:11,
Asharak,Asharak,Necromancer,60,Gnome,alternate,officer,135,1531,1479,2024-10-25 23:12:11,
Asharak,Quof,Druid,14,Halfling,alternate,officer,135,1531,1479,2024-10-25 23:12:11,
Asharak,Cheat,Enchanter,60,Human,alternate,officer,135,1531,1479,2024-10-25 23:12:11,
Asharak,Tildaria,Wizard,60,Dark Elf,main,officer,135,1531,1479,2024-10-25 23:12:11,
Asharak,Gotthatbag,Warrior,1,Halfling,alternate,officer,135,1531,1479,2024-10-25 23:12:11,
Ashdon,Zulnak,Monk,42,Iksar,alternate,inactive,10,11,1,2025-05-13 01:19:10,
Ashdon,Ashdon,Druid,52,Halfling,main,inactive,10,11,1,2025-05-13 01:19:10,
Avient,Avient,Rogue,60,Dwarf,main,member,49,102,53,2025-02-17 02:31:35,2025-10-02 03:13:53
Avient,Mynfel,Bard,33,Half-Elf,alternate,member,49,102,53,2025-02-17 02:31:35,2025-10-02 03:13:53
Avient,Mynril,Cleric,1,Gnome,alternate,member,49,102,53,2025-02-17 02:31:35,2025-10-02 03:13:53
Avient,Mynth,Wizard,16,Gnome,alternate,member,49,102,53,2025-02-17 02:31:35,2025-10-02 03:13:53
Avient,Cenarius,Druid,1,Halfling,alternate,member,49,102,53,2025-02-17 02:31:35,2025-10-02 03:13:53
Avient,Myns,Ranger,60,Halfling,alternate,member,49,102,53,2025-02-17 02:31:35,2025-10-02 03:13:53
Avient,Mynro,Magician,22,Gnome,alternate,member,49,102,53,2025-02-17 02:31:35,2025-10-02 03:13:53
Avient,Verius,Warrior,51,Dwarf,alternate,member,49,102,53,2025-02-17 02:31:35,2025-10-02 03:13:53
Avient,Atlas,Paladin,24,Gnome,alternate,member,49,102,53,2025-02-17 02:31:35,2025-10-02 03:13:53
Ayyini,Maura,Paladin,60,Halfling,main,member,81,228,210,2026-04-22 22:44:33,
Ayyini,Ayyini,Druid,60,Wood Elf,main,member,81,228,210,2026-04-22 22:44:33,
Azira,Azira,Necromancer,60,Iksar,main,member,105,260,155,2025-12-13 19:29:57,2026-01-05 21:31:10
Badoo,Tarim,Shadow Knight,27,Dark Elf,alternate,former,0,113,9,,2025-01-06 16:07:21
Badoo,Badoo,Cleric,60,High Elf,main,former,0,113,9,,2025-01-06 16:07:21
Bakador,Bakador,Cleric,53,Dwarf,main,former,0,48,8,,
Balthemal,Balthemal,Druid,60,Half-Elf,main,officer,223,1667,1503,2024-10-23 00:30:17,
Balthemal,Taringail,Monk,4,Iksar,alternate,officer,223,1667,1503,2024-10-23 00:30:17,
Balthemal,Dadjokes,Monk,1,Human,alternate,officer,223,1667,1503,2024-10-23 00:30:17,
Balthemal,Kukobak,Warrior,42,Ogre,alternate,officer,223,1667,1503,2024-10-23 00:30:17,
Bananaandy,Bananaandy,Enchanter,48,Human,main,officer,8,9,1,2024-10-25 22:07:17,
Bannin,Mezzon,Enchanter,56,Human,alternate,former,0,132,120,,
Bannin,Bannin,Wizard,60,Human,main,former,0,132,120,,
Barkk,Barkk,Paladin,53,High Elf,main,former,0,86,11,,
Bauglir,Bauglir,Shadow Knight,60,Ogre,main,member,97,350,261,2025-09-30 14:10:42,
Bauglir,Kuluk,Beastlord,22,Troll,alternate,member,97,350,261,2025-09-30 14:10:42,
Beezlebub,Stormer,Druid,38,Wood Elf,alternate,member,33,39,6,2025-09-18 03:22:32,2025-10-15 06:19:22
Beezlebub,Beezlebub,Enchanter,60,Gnome,main,member,33,39,6,2025-09-18 03:22:32,2025-10-15 06:19:22
Beibang,Fizzelbang,Wizard,46,Gnome,alternate,member,209,1424,1279,2024-12-18 02:31:59,2025-01-20 20:49:31
Beibang,Dankmeeps,Bard,1,Half-Elf,alternate,member,209,1424,1279,2024-12-18 02:31:59,2025-01-20 20:49:31
Beibang,Machismoe,Beastlord,60,Troll,main,member,209,1424,1279,2024-12-18 02:31:59,2025-01-20 20:49:31
Beibang,Donmafioso,Rogue,30,Human,alternate,member,209,1424,1279,2024-12-18 02:31:59,2025-01-20 20:49:31
Beibang,Howlinmadjack,Bard,1,Human,alternate,member,209,1424,1279,2024-12-18 02:31:59,2025-01-20 20:49:31
Beibang,Rumguts,Warrior,60,Iksar,main,member,209,1424,1279,2024-12-18 02:31:59,2025-01-20 20:49:31
Beibang,Wesly,Ranger,5,Human,alternate,member,209,1424,1279,2024-12-18 02:31:59,2025-01-20 20:49:31
Beibang,Beibang,Monk,60,Human,alternate,member,209,1424,1279,2024-12-18 02:31:59,2025-01-20 20:49:31
Beibang,Derpudy,Druid,52,Halfling,alternate,member,209,1424,1279,2024-12-18 02:31:59,2025-01-20 20:49:31
Bela,Spacemen,Magician,12,Dark Elf,alternate,member,71,672,666,2025-06-11 05:10:41,2025-08-10 04:37:13
Bela,Mingus,Shaman,60,Vah Shir,main,member,71,672,666,2025-06-11 05:10:41,2025-08-10 04:37:13
Bela,Bela,Ranger,60,Wood Elf,main,member,71,672,666,2025-06-11 05:10:41,2025-08-10 04:37:13
Beni,Hazeel,Shadow Knight,38,Erudite,alternate,member,30,793,777,2025-09-09 20:08:02,2025-10-02 03:22:02
Beni,Judero,Shaman,56,Barbarian,alternate,member,30,793,777,2025-09-09 20:08:02,2025-10-02 03:22:02
Beni,Ferg,Warrior,60,Barbarian,alternate,member,30,793,777,2025-09-09 20:08:02,2025-10-02 03:22:02
Beni,Tumbo,Paladin,60,Halfling,main,member,30,793,777,2025-09-09 20:08:02,2025-10-02 03:22:02
Beni,Nieve,Beastlord,60,Barbarian,alternate,member,30,793,777,2025-09-09 20:08:02,2025-10-02 03:22:02
Beni,Ploop,Shaman,55,Troll,alternate,member,30,793,777,2025-09-09 20:08:02,2025-10-02 03:22:02
Beni,Beni,Wizard,60,Gnome,main,member,30,793,777,2025-09-09 20:08:02,2025-10-02 03:22:02
Bigbak,Epyon,Necromancer,60,Dark Elf,alternate,member,24,416,392,2025-09-30 04:30:08,
Bigbak,Ician,Bard,47,Half-Elf,alternate,member,24,416,392,2025-09-30 04:30:08,
Bigbak,Rokem,Monk,43,Iksar,alternate,member,24,416,392,2025-09-30 04:30:08,
Bigbak,Thiccdoom,Shadow Knight,39,Ogre,alternate,member,24,416,392,2025-09-30 04:30:08,
Bigbak,Balgarok,Beastlord,60,Dark Elf,main,member,24,416,392,2025-09-30 04:30:08,
Bigbak,Marcellis,Paladin,30,Erudite,alternate,member,24,416,392,2025-09-30 04:30:08,
Bigbak,Bigbak,Shaman,60,Dark Elf,main,member,24,416,392,2025-09-30 04:30:08,
Bigglesworth,Bigglesworth,Necromancer,60,Iksar,main,member,28,0,29,2026-07-13 13:53:35,2026-08-03 12:14:31
Bigglesworth,Drexen,Bard,13,Half-Elf,alternate,member,28,0,29,2026-07-13 13:53:35,2026-08-03 12:14:31
Bigworm,Bigworm,Beastlord,46,Troll,main,member,0,0,0,2026-04-16 13:10:15,2026-05-07 00:11:50
Blewy,Blewy,Cleric,60,Dwarf,main,member,6,6,0,2026-03-14 00:38:40,2026-04-11 21:35:13
Bliccsar,Bliccsar,Shaman,55,Iksar,main,member,59,68,9,2025-01-01 23:54:32,2025-01-02 18:57:54
Bliccsar,Stankus,Shadow Knight,45,Ogre,alternate,member,59,68,9,2025-01-01 23:54:32,2025-01-02 18:57:54
Bongjovi,Bongjovi,Bard,52,Wood Elf,main,inactive,4,5,1,2025-06-14 01:03:41,
Boonie,Wildwind,Ranger,60,Human,main,member,22,116,159,2026-04-28 01:46:59,2026-05-31 21:53:21
Boonie,Boonie,Monk,46,Human,alternate,member,22,116,159,2026-04-28 01:46:59,2026-05-31 21:53:21
Bowdown,Booduh,Monk,60,Iksar,alternate,officer,77,1433,1358,2024-10-25 23:14:52,
Bowdown,Bowo,Rogue,60,Dwarf,alternate,officer,77,1433,1358,2024-10-25 23:14:52,
Bowdown,Bowsir,Magician,55,Gnome,alternate,officer,77,1433,1358,2024-10-25 23:14:52,
Bowdown,Taskmaster,Bard,60,Vah Shir,alternate,officer,77,1433,1358,2024-10-25 23:14:52,
Bowdown,Browse,Magician,55,Gnome,alternate,officer,77,1433,1358,2024-10-25 23:14:52,
Bowdown,Bigbelly,Druid,56,Halfling,alternate,officer,77,1433,1358,2024-10-25 23:14:52,
Bowdown,Bowda,Paladin,54,Dwarf,alternate,officer,77,1433,1358,2024-10-25 23:14:52,
Bowdown,Browser,Magician,55,Gnome,alternate,officer,77,1433,1358,2024-10-25 23:14:52,
Bowdown,Bowd,Enchanter,60,High Elf,main,officer,77,1433,1358,2024-10-25 23:14:52,
Bowdown,Bowdown,Cleric,60,Dwarf,main,officer,77,1433,1358,2024-10-25 23:14:52,
Brevil,Brevil,Cleric,60,Dark Elf,main,member,158,291,133,2024-11-27 03:14:20,2025-01-02 18:52:42
Brevil,Brev,Monk,41,Iksar,alternate,member,158,291,133,2024-11-27 03:14:20,2025-01-02 18:52:42
Brevil,Brevelo,Bard,60,Human,main,member,158,291,133,2024-11-27 03:14:20,2025-01-02 18:52:42
Brgr,Cheezbrgr,Necromancer,18,Iksar,alternate,member,14,19,5,2025-03-02 20:35:33,2025-03-24 21:44:35
Brgr,Cheez,Beastlord,49,Iksar,alternate,member,14,19,5,2025-03-02 20:35:33,2025-03-24 21:44:35
Brgr,Brgr,Cleric,53,Dark Elf,main,member,14,19,5,2025-03-02 20:35:33,2025-03-24 21:44:35
Brochure,Brochure,Shaman,60,Vah Shir,main,member,67,467,400,2025-12-22 01:59:03,2026-01-10 18:23:42
Brochure,Farbod,Wizard,55,Dark Elf,alternate,member,67,467,400,2025-12-22 01:59:03,2026-01-10 18:23:42
Brunda,Brierclaw,Druid,57,Wood Elf,alternate,member,63,195,138,2025-09-26 00:44:38,2025-10-19 03:12:05
Brunda,Aranya,Enchanter,60,Dark Elf,main,member,63,195,138,2025-09-26 00:44:38,2025-10-19 03:12:05
Brunda,Brunda,Shaman,60,Troll,main,member,63,195,138,2025-09-26 00:44:38,2025-10-19 03:12:05
Brunda,Gnominal,Cleric,60,Gnome,alternate,member,63,195,138,2025-09-26 00:44:38,2025-10-19 03:12:05
Brushfoot,Tiller,Ranger,31,Wood Elf,alternate,member,0,0,0,2025-10-08 21:21:08,
Brushfoot,Brushfoot,Druid,46,Halfling,main,member,0,0,0,2025-10-08 21:21:08,
Butdidyoudie,Butdidyoudie,Cleric,44,High Elf,main,inactive,0,0,0,2025-01-17 01:00:15,
Cabshaizi,Cabshaizi,Necromancer,60,Iksar,main,member,118,596,503,2024-10-29 00:44:37,2024-11-18 22:24:51
Canixx,Canix,Necromancer,12,Iksar,alternate,applicant,0,0,0,2026-06-17 04:19:13,
Canixx,Canixx,Monk,46,Iksar,main,applicant,0,0,0,2026-06-17 04:19:13,
Carnal,Carnal,Necromancer,52,Dark Elf,main,applicant,0,0,0,2026-01-31 00:22:50,
Casaka,Casaka,Necromancer,60,Iksar,main,member,8,124,116,2026-01-07 17:39:16,
Chasaris,Chasaris,Beastlord,60,Iksar,main,member,62,201,192,2026-03-21 18:53:28,2026-05-07 00:13:21
Chasaris,Marekis,Necromancer,60,Iksar,main,member,62,201,192,2026-03-21 18:53:28,2026-05-07 00:13:21
Chaunce,Chaunce,Ranger,60,Halfling,main,applicant,92,0,0,2026-08-10 20:02:38,
Chaunce,quetzall,Shaman,60,Iksar,alternate,applicant,92,0,0,2026-08-10 20:02:38,
Chaunce,moria,Cleric,60,Dwarf,alternate,applicant,92,0,0,2026-08-10 20:02:38,
Chaunce,rilifain,Druid,60,Wood Elf,alternate,applicant,92,0,0,2026-08-10 20:02:38,
Clereron,Clereron,Cleric,60,High Elf,main,member,13,102,89,2026-01-09 20:23:09,2026-02-01 04:00:53
Cloudspark,Cloudspark,Magician,52,Gnome,main,former,0,34,9,,
Condiar,Larkorak,Shaman,25,Vah Shir,alternate,member,26,387,377,2026-02-08 01:03:50,2026-03-01 01:15:51
Condiar,Reiken,Wizard,21,Barbarian,alternate,member,26,387,377,2026-02-08 01:03:50,2026-03-01 01:15:51
Condiar,Becan,Druid,48,Halfling,alternate,member,26,387,377,2026-02-08 01:03:50,2026-03-01 01:15:51
Condiar,Condiar,Paladin,60,High Elf,main,member,26,387,377,2026-02-08 01:03:50,2026-03-01 01:15:51
Condiar,Phorest,Bard,30,Human,alternate,member,26,387,377,2026-02-08 01:03:50,2026-03-01 01:15:51
Condiar,Sargas,Magician,60,High Elf,main,member,26,387,377,2026-02-08 01:03:50,2026-03-01 01:15:51
Corr,Iomaden,Rogue,14,Half-Elf,alternate,applicant,0,0,0,2026-04-22 06:23:13,
Corr,Corr,Ranger,43,Halfling,main,applicant,0,0,0,2026-04-22 06:23:13,
Craklyn,Craklyn,Monk,52,Iksar,main,officer,8,9,1,2024-11-01 18:20:10,
Cronlin,CRONLIN,Monk,60,Iksar,main,member,2,2,0,2026-04-18 23:05:22,
Cusswords,Difficult,Paladin,60,Halfling,alternate,member,50,201,191,2026-04-15 15:27:31,2026-05-07 00:11:32
Cusswords,Cringe,Druid,60,Half-Elf,alternate,member,50,201,191,2026-04-15 15:27:31,2026-05-07 00:11:32
Cusswords,Dismy,Beastlord,60,Dark Elf,main,member,50,201,191,2026-04-15 15:27:31,2026-05-07 00:11:32
Cusswords,Cusswords,Ranger,60,Halfling,main,member,50,201,191,2026-04-15 15:27:31,2026-05-07 00:11:32
Cyboogie,Cyboogie,Monk,60,Iksar,main,member,59,76,82,2026-06-03 01:22:34,2026-06-22 17:00:32
Cyrotonic,Cyrotonic,Shaman,60,Iksar,main,officer,56,1589,1577,2024-10-23 00:29:33,
Cyrotonic,Dryker,Warrior,52,Dwarf,alternate,officer,56,1589,1577,2024-10-23 00:29:33,
Cyrotonic,Sloppyflops,Monk,60,Iksar,alternate,officer,56,1589,1577,2024-10-23 00:29:33,
Cyrotonic,Meowz,Beastlord,34,Vah Shir,alternate,officer,56,1589,1577,2024-10-23 00:29:33,
Cyrotonic,Faith,Paladin,33,High Elf,alternate,officer,56,1589,1577,2024-10-23 00:29:33,
Cyrotonic,Thebanker,Warrior,1,Barbarian,alternate,officer,56,1589,1577,2024-10-23 00:29:33,
Cyrotonic,Ambien,Enchanter,60,Dwarf,main,officer,56,1589,1577,2024-10-23 00:29:33,
Cyrotonic,Grimtonic,Shadow Knight,21,Iksar,alternate,officer,56,1589,1577,2024-10-23 00:29:33,
Cyttotank,Cyttotank,Warrior,51,Ogre,main,inactive,5,5,0,2025-03-17 00:14:33,
Dagnasty,Dagnasty,Necromancer,60,Iksar,main,former,0,152,119,,
Dagnasty,Boofd,Shaman,46,Ogre,alternate,former,0,152,119,,
Dahl,Dahlmule,Warrior,1,Ogre,alternate,inactive,49,54,5,2024-10-23 02:18:16,
Dahl,Dahlias,Wizard,1,Erudite,main,inactive,49,54,5,2024-10-23 02:18:16,
Dahl,Dahli,Cleric,1,Dwarf,alternate,inactive,49,54,5,2024-10-23 02:18:16,
Dahl,Dahl,Monk,60,Human,main,inactive,49,54,5,2024-10-23 02:18:16,
Daluna,Adalun,Enchanter,12,Gnome,alternate,member,199,818,635,2024-11-21 00:17:53,2025-01-05 05:00:12
Daluna,Daluna,Druid,60,Halfling,main,member,199,818,635,2024-11-21 00:17:53,2025-01-05 05:00:12
Danrather,Schizophrenic,Enchanter,36,High Elf,alternate,member,23,30,7,2025-10-20 03:53:58,2025-11-10 23:09:49
Danrather,Wulvgeng,Ranger,58,Wood Elf,alternate,member,23,30,7,2025-10-20 03:53:58,2025-11-10 23:09:49
Danrather,Danrather,Necromancer,60,Dark Elf,main,member,23,30,7,2025-10-20 03:53:58,2025-11-10 23:09:49
Danrather,Edsheeran,Bard,36,Half-Elf,alternate,member,23,30,7,2025-10-20 03:53:58,2025-11-10 23:09:49
Danshir,Ascalan,Necromancer,1,Iksar,alternate,officer,11,561,570,2024-10-25 22:52:57,
Danshir,Danshir,Beastlord,60,Iksar,main,officer,11,561,570,2024-10-25 22:52:57,
Danshir,Ceallac,Cleric,49,Dark Elf,alternate,officer,11,561,570,2024-10-25 22:52:57,
Danshir,Shirow,Shaman,60,Iksar,alternate,officer,11,561,570,2024-10-25 22:52:57,
Danshir,Lonnlarcan,Druid,60,Wood Elf,alternate,officer,11,561,570,2024-10-25 22:52:57,
Danshir,Hadrhune,Magician,60,Dark Elf,main,officer,11,561,570,2024-10-25 22:52:57,
Danshir,Ahrimin,Ranger,51,Wood Elf,alternate,officer,11,561,570,2024-10-25 22:52:57,
Darkochanter,Darkoranger,Ranger,1,Wood Elf,alternate,member,249,758,539,2025-11-02 23:20:30,2025-12-06 02:37:22
Darkochanter,Darkochanter,Enchanter,60,High Elf,main,member,249,758,539,2025-11-02 23:20:30,2025-12-06 02:37:22
Darkochanter,Darkowar,Warrior,60,Ogre,alternate,member,249,758,539,2025-11-02 23:20:30,2025-12-06 02:37:22
Darkochanter,Darkocoth,Magician,1,Gnome,alternate,member,249,758,539,2025-11-02 23:20:30,2025-12-06 02:37:22
Darkochanter,Darkonites,Bard,60,Half-Elf,main,member,249,758,539,2025-11-02 23:20:30,2025-12-06 02:37:22
Darkthoughts,Darkthoughts,Rogue,60,Dark Elf,main,member,34,1661,1684,2024-10-26 16:11:03,2024-10-28 21:17:03
Darkthoughts,Pervasive,Enchanter,46,Dark Elf,alternate,member,34,1661,1684,2024-10-26 16:11:03,2024-10-28 21:17:03
Darkthoughts,Narnia,Beastlord,54,Vah Shir,alternate,member,34,1661,1684,2024-10-26 16:11:03,2024-10-28 21:17:03
Darkthoughts,Dragonstail,Monk,52,Iksar,alternate,member,34,1661,1684,2024-10-26 16:11:03,2024-10-28 21:17:03
Darkthoughts,Fastsole,Druid,60,Wood Elf,main,member,34,1661,1684,2024-10-26 16:11:03,2024-10-28 21:17:03
Darkthoughts,Soulsipper,Necromancer,39,Iksar,alternate,member,34,1661,1684,2024-10-26 16:11:03,2024-10-28 21:17:03
Darkthoughts,Curare,Cleric,60,Dark Elf,alternate,member,34,1661,1684,2024-10-26 16:11:03,2024-10-28 21:17:03
Darqwyng,Darqwyng,Cleric,56,Dwarf,main,applicant,0,0,0,2026-02-09 01:51:39,
Dedzi,Dedzi,Shaman,55,Iksar,main,member,33,35,2,2025-10-14 00:20:39,
Demas,Dalura,Wizard,44,Erudite,alternate,inactive,169,227,58,2024-10-26 19:18:41,
Demas,Throgar,Beastlord,31,Wood Elf,alternate,inactive,169,227,58,2024-10-26 19:18:41,
Demas,Demac,Shaman,30,Barbarian,alternate,inactive,169,227,58,2024-10-26 19:18:41,
Demas,Daluri,Ranger,25,Wood Elf,alternate,inactive,169,227,58,2024-10-26 19:18:41,
Demas,Dalure,Enchanter,49,Dark Elf,alternate,inactive,169,227,58,2024-10-26 19:18:41,
Demas,Demas,Bard,60,Half-Elf,main,inactive,169,227,58,2024-10-26 19:18:41,
Deputytom,Hobben,Rogue,20,Halfling,alternate,member,174,921,778,2024-11-23 00:34:48,2025-01-02 18:53:23
Deputytom,Bowazon,Ranger,56,Halfling,alternate,member,174,921,778,2024-11-23 00:34:48,2025-01-02 18:53:23
Deputytom,Pineal,Beastlord,20,Iksar,alternate,member,174,921,778,2024-11-23 00:34:48,2025-01-02 18:53:23
Deputytom,Deputytom,Warrior,60,Halfling,main,member,174,921,778,2024-11-23 00:34:48,2025-01-02 18:53:23
Deputytom,Bearhug,Beastlord,20,Ogre,alternate,member,174,921,778,2024-11-23 00:34:48,2025-01-02 18:53:23
Deputytom,Sebshaazu,Shaman,60,Iksar,main,member,174,921,778,2024-11-23 00:34:48,2025-01-02 18:53:23
Deputytom,Tarvox,Necromancer,20,Iksar,alternate,member,174,921,778,2024-11-23 00:34:48,2025-01-02 18:53:23
Deputytom,Candelabra,Wizard,58,High Elf,alternate,member,174,921,778,2024-11-23 00:34:48,2025-01-02 18:53:23
Deputytom,Tuppin,Paladin,51,Halfling,alternate,member,174,921,778,2024-11-23 00:34:48,2025-01-02 18:53:23
Domain,Domain,Monk,60,Iksar,main,member,57,59,2,2026-02-18 00:47:55,
Donn,Donn,Enchanter,53,Human,main,inactive,10,10,0,2024-10-25 23:10:52,
Dorment,Dorment,Cleric,58,Dark Elf,main,applicant,0,0,0,2026-01-16 15:36:00,
Drayce,Drayce,Warrior,60,Iksar,main,member,361,454,128,2024-10-26 00:59:31,
Drayce,Draycen,Ranger,60,Half-Elf,main,member,361,454,128,2024-10-26 00:59:31,
Dreamery,Dreamery,Shaman,58,Dark Elf,main,inactive,50,55,5,2024-10-25 23:59:34,
Dreck,Dreck,Monk,60,Human,main,member,116,151,35,2025-11-03 03:33:36,2025-11-25 00:35:07
Edzky,Edzky,Enchanter,60,Dark Elf,main,inactive,105,261,156,2024-10-25 23:05:48,
Eladaimri,Eladaimri,Ranger,60,Wood Elf,main,member,30,67,37,2026-01-25 18:11:05,2026-03-14 02:50:46
Erek,Malzer,Druid,60,Wood Elf,main,member,18,583,631,2025-11-12 20:20:28,2025-12-06 02:34:54
Erek,Erek,Beastlord,60,Vah Shir,main,member,18,583,631,2025-11-12 20:20:28,2025-12-06 02:34:54
Erek,Andii,Paladin,48,High Elf,alternate,member,18,583,631,2025-11-12 20:20:28,2025-12-06 02:34:54
Erek,Erewynn,Ranger,28,Wood Elf,alternate,member,18,583,631,2025-11-12 20:20:28,2025-12-06 02:34:54
Exxy,Exxy,Necromancer,60,Dark Elf,main,member,34,34,0,2026-01-29 23:00:09,2026-03-11 23:53:01
Eziekial,Bailler,Cleric,60,Human,alternate,member,62,1143,1207,2025-05-08 23:22:50,2025-05-19 04:38:06
Eziekial,Eziekial,Shadow Knight,60,Ogre,main,member,62,1143,1207,2025-05-08 23:22:50,2025-05-19 04:38:06
Eziekial,Etcha,Magician,45,Human,alternate,member,62,1143,1207,2025-05-08 23:22:50,2025-05-19 04:38:06
Eziekial,Adrab,Bard,60,Wood Elf,main,member,62,1143,1207,2025-05-08 23:22:50,2025-05-19 04:38:06
Faceoff,Faceoff,Enchanter,46,Human,main,former,0,3,1,,
Fatszo,Madskills,Bard,60,Human,alternate,member,0,0,0,2025-11-08 02:43:57,2026-01-08 08:55:28
Fatszo,Anull,Warrior,13,Troll,alternate,member,0,0,0,2025-11-08 02:43:57,2026-01-08 08:55:28
Fatszo,Fatszo,Beastlord,47,Ogre,main,member,0,0,0,2025-11-08 02:43:57,2026-01-08 08:55:28
Fatszo,Zeroskills,Rogue,49,Wood Elf,alternate,member,0,0,0,2025-11-08 02:43:57,2026-01-08 08:55:28
Fauraewyn,Fauraewyn,Bard,59,Wood Elf,main,applicant,21,32,11,2026-05-13 22:22:59,
Feldin,Almen,Ranger,60,Wood Elf,main,member,435,1612,1274,2025-02-22 20:27:38,2025-03-24 21:44:49
Feldin,Feldin,Enchanter,60,Erudite,main,member,435,1612,1274,2025-02-22 20:27:38,2025-03-24 21:44:49
Fettywap,Fettywap,Bard,60,Human,main,member,78,226,165,2025-06-11 11:40:36,2025-10-02 03:32:45
Fettywap,Pocketrocket,Wizard,52,Gnome,alternate,member,78,226,165,2025-06-11 11:40:36,2025-10-02 03:32:45
Fettywap,Teabag,Enchanter,51,Gnome,alternate,member,78,226,165,2025-06-11 11:40:36,2025-10-02 03:32:45
Fettywap,Uzii,Rogue,60,Gnome,alternate,member,78,226,165,2025-06-11 11:40:36,2025-10-02 03:32:45
Fettywap,Bugs,Cleric,51,Gnome,alternate,member,78,226,165,2025-06-11 11:40:36,2025-10-02 03:32:45
Fettywap,Largefarva,Shaman,60,Troll,alternate,member,78,226,165,2025-06-11 11:40:36,2025-10-02 03:32:45
Feyah,Tragedy,Necromancer,16,Dark Elf,alternate,member,196,397,264,2026-02-11 03:27:51,2026-03-11 23:53:33
Feyah,Siofre,Beastlord,16,Barbarian,alternate,member,196,397,264,2026-02-11 03:27:51,2026-03-11 23:53:33
Feyah,Yulegia,Cleric,21,Dark Elf,alternate,member,196,397,264,2026-02-11 03:27:51,2026-03-11 23:53:33
Feyah,Feyah,Druid,60,Wood Elf,main,member,196,397,264,2026-02-11 03:27:51,2026-03-11 23:53:33
Feyah,Carale,Bard,29,Wood Elf,alternate,member,196,397,264,2026-02-11 03:27:51,2026-03-11 23:53:33
Fharskei,Fharskei,Wizard,60,Dark Elf,main,member,26,275,249,2026-01-26 15:22:31,2026-02-25 03:58:39
Firstname,Arrowheart,Ranger,60,Wood Elf,main,member,116,396,289,2026-01-11 20:32:29,2026-02-01 04:01:23
Firstname,Firstname,Magician,60,Human,main,member,116,396,289,2026-01-11 20:32:29,2026-02-01 04:01:23
Fivez,Sarazy,Beastlord,53,Iksar,alternate,member,14,291,284,2025-01-12 14:39:16,2025-02-10 23:51:29
Fivez,Onceover,Shaman,60,Ogre,main,member,14,291,284,2025-01-12 14:39:16,2025-02-10 23:51:29
Fivez,Verynice,Rogue,10,Vah Shir,alternate,member,14,291,284,2025-01-12 14:39:16,2025-02-10 23:51:29
Fivez,Fivesk,Druid,60,Wood Elf,alternate,member,14,291,284,2025-01-12 14:39:16,2025-02-10 23:51:29
Fivez,Ricorush,Paladin,60,High Elf,alternate,member,14,291,284,2025-01-12 14:39:16,2025-02-10 23:51:29
Fivez,Fivez,Monk,60,Dark Elf,main,member,14,291,284,2025-01-12 14:39:16,2025-02-10 23:51:29
Fivez,Exolus,Enchanter,60,Erudite,alternate,member,14,291,284,2025-01-12 14:39:16,2025-02-10 23:51:29
Flikin,Flikin,Ranger,45,Wood Elf,main,member,0,0,0,2025-12-08 10:21:13,2026-01-08 08:41:54
Floppin,Floppin,Monk,60,Iksar,main,member,14,108,94,2026-01-09 20:23:10,2026-02-01 04:01:05
Freon,Freon,Paladin,57,Dwarf,main,inactive,78,177,100,2025-03-16 17:17:42,
Frodolas,Nazguul,Necromancer,20,Iksar,alternate,member,34,687,678,2025-01-03 20:19:43,2025-01-20 21:16:20
Frodolas,Frodolas,Ranger,60,Halfling,main,member,34,687,678,2025-01-03 20:19:43,2025-01-20 21:16:20
Frodolas,Gorjilla,Beastlord,18,Iksar,alternate,member,34,687,678,2025-01-03 20:19:43,2025-01-20 21:16:20
Frodolas,Ahliu,Cleric,60,Gnome,main,member,34,687,678,2025-01-03 20:19:43,2025-01-20 21:16:20
Frodolas,Darkknyght,Shadow Knight,51,Gnome,alternate,member,34,687,678,2025-01-03 20:19:43,2025-01-20 21:16:20
Furted,Furted,Warrior,60,Dwarf,main,inactive,203,574,372,2024-12-30 04:48:02,
Furted,Funnas,Druid,47,Halfling,alternate,inactive,203,574,372,2024-12-30 04:48:02,
Gaarden,Moneyshotte,Ranger,60,Wood Elf,main,member,234,303,69,2025-12-07 17:37:10,2025-12-31 18:14:09
Gaarden,Saxomaphone,Bard,44,Wood Elf,alternate,member,234,303,69,2025-12-07 17:37:10,2025-12-31 18:14:09
Gaarden,Gaarden,Magician,60,Gnome,main,member,234,303,69,2025-12-07 17:37:10,2025-12-31 18:14:09
Gagmek,Cadric,Rogue,60,Halfling,main,member,10,275,265,2026-01-01 17:09:34,2026-01-05 21:32:01
Gagmek,Jaspyr,Ranger,60,Dark Elf,main,member,10,275,265,2026-01-01 17:09:34,2026-01-05 21:32:01
Gagmek,Gagmek,Shaman,55,Troll,alternate,member,10,275,265,2026-01-01 17:09:34,2026-01-05 21:32:01
Gagmek,Zhentil,Magician,60,Gnome,alternate,member,10,275,265,2026-01-01 17:09:34,2026-01-05 21:32:01
Galt,Fyst,Monk,17,Iksar,alternate,member,134,149,15,2024-10-25 23:31:50,2024-10-28 21:19:51
Galt,Gelth,Wizard,29,Human,alternate,member,134,149,15,2024-10-25 23:31:50,2024-10-28 21:19:51
Galt,Talor,Magician,38,Gnome,alternate,member,134,149,15,2024-10-25 23:31:50,2024-10-28 21:19:51
Galt,Galt,Paladin,60,Human,main,member,134,149,15,2024-10-25 23:31:50,2024-10-28 21:19:51
Galt,Gelt,Enchanter,60,Dark Elf,alternate,member,134,149,15,2024-10-25 23:31:50,2024-10-28 21:19:51
Galt,Tume,Shaman,51,Iksar,alternate,member,134,149,15,2024-10-25 23:31:50,2024-10-28 21:19:51
Galt,Derfy,Cleric,31,Dwarf,alternate,member,134,149,15,2024-10-25 23:31:50,2024-10-28 21:19:51
Galt,Galty,Beastlord,49,Iksar,alternate,member,134,149,15,2024-10-25 23:31:50,2024-10-28 21:19:51
Galt,Renenn,Necromancer,60,Iksar,alternate,member,134,149,15,2024-10-25 23:31:50,2024-10-28 21:19:51
Galt,Treefiddy,Druid,54,Wood Elf,alternate,member,134,149,15,2024-10-25 23:31:50,2024-10-28 21:19:51
Gators,Gators,Magician,60,Gnome,main,member,24,75,51,2026-01-28 00:49:44,2026-02-16 02:38:21
Geenome,Geenome,Magician,60,Gnome,main,member,44,27,6,2026-03-09 20:38:13,2026-04-05 05:03:40
Geenome,Rooty,Druid,43,Wood Elf,alternate,member,44,27,6,2026-03-09 20:38:13,2026-04-05 05:03:40
Genlain,Luminaire,Wizard,16,Erudite,alternate,member,58,257,199,2026-03-10 17:32:13,2026-03-24 20:38:00
Genlain,Genlain,Cleric,60,Human,main,member,58,257,199,2026-03-10 17:32:13,2026-03-24 20:38:00
Gerien,Gerien,Druid,60,Wood Elf,main,member,32,33,1,2026-01-11 01:05:44,2026-02-01 04:01:35
Gnokia,Ouya,Beastlord,60,Troll,alternate,member,101,429,374,2024-10-25 23:50:33,
Gnokia,Gnokia,Warrior,60,Gnome,main,member,101,429,374,2024-10-25 23:50:33,
Gnokia,Gnofat,Rogue,60,Gnome,main,member,101,429,374,2024-10-25 23:50:33,
Gnomocidal,Jhena,Ranger,60,Half-Elf,main,member,113,132,83,2026-06-11 16:37:12,2026-07-02 17:00:34
Gnomocidal,Razel,Enchanter,60,High Elf,alternate,member,113,132,83,2026-06-11 16:37:12,2026-07-02 17:00:34
Gnomocidal,Foolsgold,Cleric,60,High Elf,alternate,member,113,132,83,2026-06-11 16:37:12,2026-07-02 17:00:34
Gnomocidal,Gnomocidal,Warrior,60,Ogre,main,member,113,132,83,2026-06-11 16:37:12,2026-07-02 17:00:34
Grihl,Grihl,Wizard,60,Dark Elf,main,former,0,89,1,,
Gwydon,Gwydon,Wizard,54,Erudite,main,member,0,0,0,2025-09-06 00:03:06,2025-09-06 00:06:07
Haji,Haji,Paladin,39,Half-Elf,main,applicant,0,0,0,2026-04-06 14:55:12,
HalfTide,Halftizzle,Necromancer,40,Iksar,alternate,member,33,236,211,2026-01-12 12:41:09,2026-02-01 04:02:04
HalfTide,Bestclass,Rogue,27,Half-Elf,alternate,member,33,236,211,2026-01-12 12:41:09,2026-02-01 04:02:04
HalfTide,Gabimaru,Monk,32,Iksar,alternate,member,33,236,211,2026-01-12 12:41:09,2026-02-01 04:02:04
HalfTide,HalfTide,Bard,60,Half-Elf,main,member,33,236,211,2026-01-12 12:41:09,2026-02-01 04:02:04
Hammn,Hammn,Druid,47,Halfling,main,member,5,8,3,2025-10-01 00:05:45,2025-10-13 20:05:26
Hayato,Hayato,Bard,60,Wood Elf,main,member,45,49,4,2026-06-01 04:29:20,2026-06-21 17:00:46
Heretik,Trailslither,Ranger,60,Iksar,main,member,172,641,570,2024-10-28 08:54:33,2024-10-28 21:23:02
Heretik,Arizzen,Cleric,1,Halfling,alternate,member,172,641,570,2024-10-28 08:54:33,2024-10-28 21:23:02
Heretik,Heretik,Shadow Knight,60,Iksar,main,member,172,641,570,2024-10-28 08:54:33,2024-10-28 21:23:02
Heretik,Skuull,Rogue,59,Dwarf,alternate,member,172,641,570,2024-10-28 08:54:33,2024-10-28 21:23:02
Heretik,Halftrack,Ranger,1,Halfling,alternate,member,172,641,570,2024-10-28 08:54:33,2024-10-28 21:23:02
Heretik,Gagreflex,Enchanter,4,Gnome,alternate,member,172,641,570,2024-10-28 08:54:33,2024-10-28 21:23:02
Heretik,Launchpad,Druid,16,Halfling,alternate,member,172,641,570,2024-10-28 08:54:33,2024-10-28 21:23:02
Heretik,Gaul,Beastlord,4,Barbarian,alternate,member,172,641,570,2024-10-28 08:54:33,2024-10-28 21:23:02
Hildy,Faun,Enchanter,60,Human,alternate,member,102,111,9,2025-12-17 05:02:08,2026-01-08 08:17:04
Hildy,Pebble,Cleric,53,Gnome,alternate,member,102,111,9,2025-12-17 05:02:08,2026-01-08 08:17:04
Hildy,Hildy,Paladin,60,Halfling,main,member,102,111,9,2025-12-17 05:02:08,2026-01-08 08:17:04
Hoxley,Hoxley,Ranger,60,Wood Elf,main,member,86,188,102,2026-01-28 18:08:26,2026-02-18 02:42:18
Ikari,Raiuny,Bard,52,Human,alternate,former,0,93,38,,
Ikari,Ikari,Monk,58,Iksar,main,former,0,93,38,,
Ilrond,Yeowler,Bard,51,Vah Shir,alternate,former,156,255,100,2024-12-09 02:18:06,
Ilrond,Ilrond,Paladin,60,High Elf,main,former,156,255,100,2024-12-09 02:18:06,
Ilrond,Verics,Wizard,50,Dark Elf,alternate,former,156,255,100,2024-12-09 02:18:06,
Inapp,Inapp,Monk,60,Iksar,main,member,77,370,293,2025-08-22 20:02:36,2025-08-22 20:23:47
Inapp,Appropriate,Cleric,25,Halfling,alternate,member,77,370,293,2025-08-22 20:02:36,2025-08-22 20:23:47
Insidiouss,Insidiouss,Rogue,60,Dwarf,main,member,40,41,1,2026-03-02 17:47:47,2026-03-24 20:38:16
Ivanasuk,Ivanasuk,Shadow Knight,53,Dark Elf,main,former,0,17,8,,
Janaz,Janaz,Necromancer,60,Iksar,main,member,58,5,0,2024-11-20 21:18:57,2025-01-02 18:54:47
Janaz,Mezme,Enchanter,34,Gnome,alternate,member,58,5,0,2024-11-20 21:18:57,2025-01-02 18:54:47
Janaz,Appolo,Cleric,50,Human,alternate,member,58,5,0,2024-11-20 21:18:57,2025-01-02 18:54:47
Janey,Janey,Wizard,60,Gnome,main,officer,193,360,167,2024-10-23 12:52:25,
Janey,Javier,Cleric,60,Dark Elf,main,officer,193,360,167,2024-10-23 12:52:25,
Janey,Jayyne,Warrior,1,Human,alternate,officer,193,360,167,2024-10-23 12:52:25,
Jcoop,Dryfire,Ranger,60,Halfling,main,member,102,205,103,2025-09-17 18:02:34,2025-10-15 06:18:50
Jcoop,Jcoop,Necromancer,60,Iksar,main,member,102,205,103,2025-09-17 18:02:34,2025-10-15 06:18:50
Jibontik,Jibontik,Magician,60,Erudite,main,member,100,112,12,2025-10-18 20:07:30,2025-11-08 22:41:29
Johngotti,Johngotti,Rogue,58,Dark Elf,main,member,31,35,4,2025-10-07 23:52:43,
Johngotti,Kattnipp,Ranger,55,Wood Elf,alternate,member,31,35,4,2025-10-07 23:52:43,
Johngotti,Furrbaby,Beastlord,44,Vah Shir,alternate,member,31,35,4,2025-10-07 23:52:43,
Johngotti,Soultouch,Enchanter,40,Dark Elf,alternate,member,31,35,4,2025-10-07 23:52:43,
Jonbones,Jonbones,Necromancer,56,Iksar,main,inactive,35,38,3,2025-01-01 04:48:22,
Joris,Joris,Necromancer,56,Iksar,main,member,16,38,22,2025-09-19 02:14:10,2025-10-02 03:22:25
Kaldolin,Kaldolin,Cleric,60,Dwarf,main,member,12,14,2,2025-05-21 22:55:17,
Kallado,Kallado,Druid,60,Human,main,member,19,141,122,2025-11-11 17:24:24,2025-12-06 02:36:44
Kappa,Stunted,Magician,56,Gnome,alternate,member,118,1722,1626,2024-10-25 23:42:34,2024-11-18 22:30:13
Kappa,Kappa,Monk,60,Iksar,main,member,118,1722,1626,2024-10-25 23:42:34,2024-11-18 22:30:13
Kappa,Antagonist,Wizard,48,Gnome,alternate,member,118,1722,1626,2024-10-25 23:42:34,2024-11-18 22:30:13
Kappa,Nineteen,Cleric,60,Dark Elf,alternate,member,118,1722,1626,2024-10-25 23:42:34,2024-11-18 22:30:13
Keea,Keezz,Druid,55,Wood Elf,alternate,member,56,56,0,2026-01-05 17:03:21,2026-02-19 04:21:53
Keea,Keea,Beastlord,60,Iksar,alternate,member,56,56,0,2026-01-05 17:03:21,2026-02-19 04:21:53
Keea,Keeze,Monk,60,Dark Elf,main,member,56,56,0,2026-01-05 17:03:21,2026-02-19 04:21:53
Keea,Keez,Shaman,60,Iksar,main,member,56,56,0,2026-01-05 17:03:21,2026-02-19 04:21:53
Keilly,Keilly,Rogue,60,Halfling,main,officer,135,1718,1640,2024-10-23 18:22:44,
Keilly,Zerobia,Wizard,60,Gnome,main,officer,135,1718,1640,2024-10-23 18:22:44,
Keilly,Grumblor,Cleric,37,Dwarf,alternate,officer,135,1718,1640,2024-10-23 18:22:44,
Kelon,Kelom,Magician,53,Gnome,alternate,member,17,328,391,2025-02-08 14:36:21,2025-02-25 22:07:54
Kelon,Kelon,Monk,60,Human,main,member,17,328,391,2025-02-08 14:36:21,2025-02-25 22:07:54
Kelthes,Kelthes,Beastlord,56,Iksar,main,member,62,77,15,2025-01-16 05:23:54,
Khamsin,Khamsin,Shaman,60,Iksar,main,member,494,844,350,2024-10-27 23:36:54,2024-10-28 21:25:50
Khamsin,Sancrist,Paladin,50,Half-Elf,alternate,member,494,844,350,2024-10-27 23:36:54,2024-10-28 21:25:50
Khamsin,Lycosa,Cleric,45,Dark Elf,alternate,member,494,844,350,2024-10-27 23:36:54,2024-10-28 21:25:50
Kiroku,Euric,Warrior,60,Halfling,alternate,member,92,1645,1592,2024-10-26 03:34:17,2024-10-28 21:21:45
Kiroku,Vaelor,Wizard,60,Dark Elf,main,member,92,1645,1592,2024-10-26 03:34:17,2024-10-28 21:21:45
Kiroku,Kiroku,Bard,60,Wood Elf,main,member,92,1645,1592,2024-10-26 03:34:17,2024-10-28 21:21:45
Kiroku,Kotetsu,Shadow Knight,30,Dark Elf,alternate,member,92,1645,1592,2024-10-26 03:34:17,2024-10-28 21:21:45
Kiroku,Kiromule,Warrior,1,Dwarf,alternate,member,92,1645,1592,2024-10-26 03:34:17,2024-10-28 21:21:45
Kiroku,Kyir,Ranger,35,Human,alternate,member,92,1645,1592,2024-10-26 03:34:17,2024-10-28 21:21:45
Kiznasty,Garrglon,Bard,40,Human,alternate,member,8,287,294,2026-02-04 01:21:02,2026-02-09 01:37:27
Kiznasty,Kiznasty,Monk,60,Iksar,main,member,8,287,294,2026-02-04 01:21:02,2026-02-09 01:37:27
Klanks,Klanks,Magician,60,Gnome,main,member,39,41,2,2026-04-30 20:31:27,
Kojimok,Kojimok,Beastlord,56,Vah Shir,main,member,0,0,0,2026-04-12 19:44:26,
Korrin,Korrin,Ranger,60,Wood Elf,main,member,25,41,126,2026-07-07 23:36:48,2026-07-28 12:00:28
Korrin,Wezloc,Wizard,60,Gnome,alternate,member,25,41,126,2026-07-07 23:36:48,2026-07-28 12:00:28
Kotu,Magestic,Magician,60,Gnome,alternate,member,211,248,37,2024-10-25 22:53:23,2024-10-28 21:22:44
Kotu,Kotu,Wizard,60,Dark Elf,main,member,211,248,37,2024-10-25 22:53:23,2024-10-28 21:22:44
Kouzelna,Kouzelna,Wizard,55,High Elf,main,former,0,29,2,,
Krunk,Tilowin,Bard,60,Wood Elf,alternate,member,6,167,161,2025-10-04 03:25:20,2025-10-26 20:06:21
Krunk,Krunk,Warrior,60,Ogre,main,member,6,167,161,2025-10-04 03:25:20,2025-10-26 20:06:21
Krunk,Tildin,Ranger,60,Wood Elf,alternate,member,6,167,161,2025-10-04 03:25:20,2025-10-26 20:06:21
Krunk,Slydey,Necromancer,53,Gnome,alternate,member,6,167,161,2025-10-04 03:25:20,2025-10-26 20:06:21
Krunk,Ryko,Rogue,60,Barbarian,main,member,6,167,161,2025-10-04 03:25:20,2025-10-26 20:06:21
Krunk,Zartan,Enchanter,60,Dark Elf,alternate,member,6,167,161,2025-10-04 03:25:20,2025-10-26 20:06:21
Krunk,Brazic,Wizard,56,Gnome,alternate,member,6,167,161,2025-10-04 03:25:20,2025-10-26 20:06:21
Krunk,Raszkar,Monk,37,Iksar,alternate,member,6,167,161,2025-10-04 03:25:20,2025-10-26 20:06:21
Kwung,Kwung,Monk,56,Iksar,main,member,3,3,0,2026-04-24 23:31:00,2026-04-25 00:13:37
Kxng,Kxng,Necromancer,60,Dark Elf,main,former,0,10,3,,
Kyoko,Kyoko,Enchanter,60,Dark Elf,main,applicant,0,0,0,2026-02-27 02:11:04,
Kyter,Kyter,Druid,56,Halfling,main,member,0,0,0,2026-01-04 21:43:13,
Labbrat,Labbrat,Warrior,60,Ogre,main,member,94,170,76,2025-09-24 21:22:20,2025-10-22 01:39:09
Laddara,Finkin,Magician,60,Gnome,main,member,231,603,374,2024-10-26 05:50:35,2024-10-28 21:18:11
Laddara,Ogok,Warrior,1,Ogre,alternate,member,231,603,374,2024-10-26 05:50:35,2024-10-28 21:18:11
Laddara,Silaz,Shadow Knight,50,Iksar,alternate,member,231,603,374,2024-10-26 05:50:35,2024-10-28 21:18:11
Laddara,Tilanea,Druid,43,Halfling,alternate,member,231,603,374,2024-10-26 05:50:35,2024-10-28 21:18:11
Laddara,Laddara,Bard,60,Half-Elf,main,member,231,603,374,2024-10-26 05:50:35,2024-10-28 21:18:11
Laddara,Finnin,Cleric,58,Halfling,alternate,member,231,603,374,2024-10-26 05:50:35,2024-10-28 21:18:11
Laddara,Kataru,Beastlord,47,Vah Shir,alternate,member,231,603,374,2024-10-26 05:50:35,2024-10-28 21:18:11
Laddara,Tilena,Ranger,28,Wood Elf,alternate,member,231,603,374,2024-10-26 05:50:35,2024-10-28 21:18:11
Lagar,Lagar,Beastlord,60,Iksar,main,member,0,0,0,2025-11-12 14:58:20,2025-11-25 00:38:47
Laleldar,Laleldar,Beastlord,60,Barbarian,main,member,5,144,139,2025-10-24 03:27:47,2025-11-25 00:36:41
Laleldar,Arklem,Shadow Knight,30,Iksar,alternate,member,5,144,139,2025-10-24 03:27:47,2025-11-25 00:36:41
Laleldar,Artimes,Rogue,12,Dwarf,alternate,member,5,144,139,2025-10-24 03:27:47,2025-11-25 00:36:41
Laleldar,Ugrismag,Wizard,60,High Elf,main,member,5,144,139,2025-10-24 03:27:47,2025-11-25 00:36:41
Laleldar,Buckem,Warrior,11,Iksar,alternate,member,5,144,139,2025-10-24 03:27:47,2025-11-25 00:36:41
Larzek,Larzek,Warrior,60,Ogre,main,applicant,93,0,0,2026-08-10 19:59:50,
Larzek,Pyresta,Wizard,60,Dark Elf,alternate,applicant,93,0,0,2026-08-10 19:59:50,
Leafblight,Flerb,Druid,60,Halfling,alternate,member,53,246,201,2026-03-11 20:21:44,2026-04-05 05:04:34
Leafblight,Leafblight,Enchanter,60,Dwarf,main,member,53,246,201,2026-03-11 20:21:44,2026-04-05 05:04:34
Leafblight,Icastdaspells,Magician,60,Human,alternate,member,53,246,201,2026-03-11 20:21:44,2026-04-05 05:04:34
Leafblight,Tibyan,Necromancer,60,Dark Elf,main,member,53,246,201,2026-03-11 20:21:44,2026-04-05 05:04:34
Legosas,Darksole,Shadow Knight,11,Gnome,alternate,member,251,555,306,2024-10-30 02:01:37,2024-11-07 19:07:59
Legosas,Legosas,Druid,60,Wood Elf,main,member,251,555,306,2024-10-30 02:01:37,2024-11-07 19:07:59
Legosas,Getrhealed,Cleric,29,Dwarf,alternate,member,251,555,306,2024-10-30 02:01:37,2024-11-07 19:07:59
Lerien,Lerien,Druid,45,Half-Elf,main,applicant,0,0,0,2026-01-22 03:27:58,
Lexar,Lexar,Magician,51,High Elf,main,applicant,0,0,0,2025-12-22 15:49:39,
Libertas,Satreak,Shaman,27,Iksar,alternate,member,10,384,374,2025-12-30 00:31:21,
Libertas,Khra,Bard,46,Half-Elf,alternate,member,10,384,374,2025-12-30 00:31:21,
Libertas,Libertas,Paladin,60,Erudite,main,member,10,384,374,2025-12-30 00:31:21,
Libertas,Ardee,Magician,47,Erudite,alternate,member,10,384,374,2025-12-30 00:31:21,
Libertas,Waterpik,Rogue,26,Barbarian,alternate,member,10,384,374,2025-12-30 00:31:21,
Libertas,Linladara,Druid,39,Human,alternate,member,10,384,374,2025-12-30 00:31:21,
Libertas,Yzmir,Necromancer,14,Erudite,alternate,member,10,384,374,2025-12-30 00:31:21,
Libertas,Weaklings,Beastlord,60,Iksar,main,member,10,384,374,2025-12-30 00:31:21,
Linkseo,Linkseo,Paladin,60,Half-Elf,main,member,3,712,740,2025-03-23 18:13:44,
Linkseo,Vivomind,Enchanter,60,Gnome,main,member,3,712,740,2025-03-23 18:13:44,
Litt,Lileval,Necromancer,36,Gnome,alternate,member,48,1006,994,2025-01-19 09:01:20,2025-02-17 03:25:43
Litt,Mishakal,Cleric,10,High Elf,alternate,member,48,1006,994,2025-01-19 09:01:20,2025-02-17 03:25:43
Litt,DNair,Enchanter,1,Dark Elf,alternate,member,48,1006,994,2025-01-19 09:01:20,2025-02-17 03:25:43
Litt,Litt,Warrior,60,Ogre,main,member,48,1006,994,2025-01-19 09:01:20,2025-02-17 03:25:43
Lizardential,Lizardential,Monk,60,Iksar,main,member,30,86,56,2025-09-19 02:12:09,2025-10-15 06:19:06
Lizardential,Reformed,Wizard,57,Erudite,alternate,member,30,86,56,2025-09-19 02:12:09,2025-10-15 06:19:06
Lluum,Lluum,Druid,55,Half-Elf,main,member,21,21,0,2025-12-13 20:12:18,2026-01-05 21:31:27
Luanne,Luanne,Ranger,60,Wood Elf,main,applicant,0,0,0,2026-05-20 20:05:16,
Lukor,Lukor,Cleric,60,Dwarf,main,member,27,19,19,2026-07-15 23:54:41,2026-07-18 01:32:25
Luminara,Luminara,Paladin,60,High Elf,main,member,97,719,695,2025-10-02 23:12:14,
Lykan,Lykan,Beastlord,60,Ogre,main,member,75,105,30,2025-10-01 00:37:03,2025-10-02 02:50:41
Lykan,Cexual,Enchanter,55,Gnome,alternate,member,75,105,30,2025-10-01 00:37:03,2025-10-02 02:50:41
Lykan,Clairec,Cleric,26,Dwarf,alternate,member,75,105,30,2025-10-01 00:37:03,2025-10-02 02:50:41
Lykan,Weatherstone,Ranger,45,Wood Elf,alternate,member,75,105,30,2025-10-01 00:37:03,2025-10-02 02:50:41
Lynxy,Nyxy,Monk,60,Iksar,alternate,member,48,703,732,2025-10-13 17:35:28,2025-11-09 00:06:30
Lynxy,Lynxy,Rogue,60,Gnome,main,member,48,703,732,2025-10-13 17:35:28,2025-11-09 00:06:30
Lynxy,Slynxy,Beastlord,60,Iksar,alternate,member,48,703,732,2025-10-13 17:35:28,2025-11-09 00:06:30
Lynxy,Aihal,Magician,55,Erudite,alternate,member,48,703,732,2025-10-13 17:35:28,2025-11-09 00:06:30
Lynxy,Dottieby,Druid,60,Halfling,alternate,member,48,703,732,2025-10-13 17:35:28,2025-11-09 00:06:30
Lynxy,Ahmezu,Enchanter,60,Gnome,main,member,48,703,732,2025-10-13 17:35:28,2025-11-09 00:06:30
Magitreng,Healitreng,Cleric,60,Dark Elf,alternate,member,153,199,83,2026-05-02 22:29:34,
Magitreng,Portitreng,Druid,60,Halfling,alternate,member,153,199,83,2026-05-02 22:29:34,
Magitreng,Magitreng,Magician,60,Gnome,main,member,153,199,83,2026-05-02 22:29:34,
Magitreng,Stabitreng,Rogue,60,Dwarf,main,member,153,199,83,2026-05-02 22:29:34,
Main,Main,Rogue,1,Human,alternate,applicant,3,0,1,2026-08-25 19:47:52,
Main,Fullmetal,Rogue,60,Dark Elf,main,applicant,3,0,1,2026-08-25 19:47:52,
Malekath,Malekath,Necromancer,60,Iksar,main,member,23,24,1,2025-10-01 09:39:33,2025-10-02 03:23:22
Manolla,Manolla,Rogue,30,Barbarian,main,member,25,25,0,2024-10-23 00:24:06,
Maori,Ridez,Druid,60,Halfling,main,former,0,53,30,,
Maori,Maori,Necromancer,57,Dark Elf,alternate,former,0,53,30,,
Mardigras,Mardigras,Necromancer,60,Iksar,main,applicant,33,42,9,2026-01-21 23:09:24,
Mcfleshman,Mcfleshman,Shaman,56,Barbarian,main,member,8,20,12,2025-04-10 02:33:39,2025-04-24 23:22:06
Meekz,Meekz,Ranger,60,Dark Elf,main,member,406,649,284,2024-10-25 22:57:52,2024-10-28 21:23:32
Mephestus,Zathyrs,Monk,5,Iksar,alternate,member,20,579,609,2025-02-19 04:56:40,2025-04-03 07:15:36
Mephestus,Eigthevil,Shadow Knight,20,Gnome,alternate,member,20,579,609,2025-02-19 04:56:40,2025-04-03 07:15:36
Mephestus,Fydakin,Ranger,9,Wood Elf,alternate,member,20,579,609,2025-02-19 04:56:40,2025-04-03 07:15:36
Mephestus,Fydekeen,Warrior,60,Ogre,main,member,20,579,609,2025-02-19 04:56:40,2025-04-03 07:15:36
Mephestus,Cabbat,Magician,60,Dark Elf,alternate,member,20,579,609,2025-02-19 04:56:40,2025-04-03 07:15:36
Mephestus,Ferath,Beastlord,5,Barbarian,alternate,member,20,579,609,2025-02-19 04:56:40,2025-04-03 07:15:36
Mephestus,Mephestus,Enchanter,60,Dark Elf,main,member,20,579,609,2025-02-19 04:56:40,2025-04-03 07:15:36
Mephestus,Galnack,Rogue,60,Dark Elf,alternate,member,20,579,609,2025-02-19 04:56:40,2025-04-03 07:15:36
Mephestus,Treack,Druid,46,Wood Elf,alternate,member,20,579,609,2025-02-19 04:56:40,2025-04-03 07:15:36
Messimer,Pewster,Ranger,60,Halfling,main,member,55,361,310,2024-12-22 03:21:09,
Messimer,Messimer,Enchanter,60,High Elf,main,member,55,361,310,2024-12-22 03:21:09,
Microizra,Neku,Shadow Knight,16,Troll,alternate,officer,108,1502,1457,2024-10-26 00:50:50,
Microizra,Microizra,Cleric,60,Halfling,main,officer,108,1502,1457,2024-10-26 00:50:50,
Microizra,Dric,Beastlord,20,Troll,alternate,officer,108,1502,1457,2024-10-26 00:50:50,
Microizra,Pinkpantheress,Druid,1,Wood Elf,alternate,officer,108,1502,1457,2024-10-26 00:50:50,
Microizra,Neki,Ranger,60,Wood Elf,main,officer,108,1502,1457,2024-10-26 00:50:50,
Middleagedman,Tartugar,Beastlord,52,Ogre,alternate,applicant,31,35,4,2026-03-03 18:13:24,
Middleagedman,Middleagedman,Magician,60,Gnome,main,applicant,31,35,4,2026-03-03 18:13:24,
Mipsy,Mipsy,Magician,60,Gnome,main,applicant,69,0,0,2026-08-10 20:00:30,
Mipsy,Roughnight,Cleric,60,Dwarf,alternate,applicant,69,0,0,2026-08-10 20:00:30,
Missappropriate,Unrancita,Shadow Knight,45,Dark Elf,alternate,member,46,224,178,2025-09-17 00:26:07,2025-10-13 20:06:17
Missappropriate,Missappropriate,Magician,60,Human,main,member,46,224,178,2025-09-17 00:26:07,2025-10-13 20:06:17
Mixim,Noxxon,Necromancer,60,Iksar,main,member,130,631,565,2026-01-04 01:12:44,2026-01-24 03:25:36
Mixim,Kotok,Shadow Knight,9,Ogre,alternate,member,130,631,565,2026-01-04 01:12:44,2026-01-24 03:25:36
Mixim,Onno,Enchanter,10,Dark Elf,alternate,member,130,631,565,2026-01-04 01:12:44,2026-01-24 03:25:36
Mixim,Vilroz,Monk,60,Iksar,alternate,member,130,631,565,2026-01-04 01:12:44,2026-01-24 03:25:36
Mixim,Mixim,Cleric,60,Dark Elf,main,member,130,631,565,2026-01-04 01:12:44,2026-01-24 03:25:36
Mixim,Arazara,Bard,46,Wood Elf,alternate,member,130,631,565,2026-01-04 01:12:44,2026-01-24 03:25:36
Mknight,Tundarin,Ranger,40,Half-Elf,alternate,member,4,125,163,2025-02-17 02:53:53,
Mknight,Mknight,Shaman,60,Barbarian,main,member,4,125,163,2025-02-17 02:53:53,
Mknight,Puckk,Warrior,55,Halfling,alternate,member,4,125,163,2025-02-17 02:53:53,
Mknight,Blazora,Wizard,60,Erudite,main,member,4,125,163,2025-02-17 02:53:53,
Mofa,Mofa,Magician,60,Human,main,applicant,18,0,0,2026-08-17 16:37:34,
Momula,Momula,Shaman,60,Troll,main,member,38,659,684,2025-12-12 21:09:04,2026-01-02 18:23:49
Murum,Murum,Magician,54,Gnome,main,inactive,17,18,1,2025-06-18 00:47:01,
Naavi,Naavi,Monk,60,Iksar,main,member,7,528,523,2025-01-15 01:17:23,2025-02-10 23:49:01
Naavi,Kenzie,Enchanter,8,High Elf,alternate,member,7,528,523,2025-01-15 01:17:23,2025-02-10 23:49:01
Nakarkos,Umbrood,Paladin,30,High Elf,alternate,member,25,36,11,2026-03-08 21:12:39,2026-04-06 21:55:47
Nakarkos,Mossvine,Ranger,50,Wood Elf,alternate,member,25,36,11,2026-03-08 21:12:39,2026-04-06 21:55:47
Nakarkos,Hightime,Druid,52,Half-Elf,alternate,member,25,36,11,2026-03-08 21:12:39,2026-04-06 21:55:47
Nakarkos,Spiner,Shaman,28,Iksar,alternate,member,25,36,11,2026-03-08 21:12:39,2026-04-06 21:55:47
Nakarkos,Aqualation,Bard,30,Human,alternate,member,25,36,11,2026-03-08 21:12:39,2026-04-06 21:55:47
Nakarkos,Melynx,Cleric,57,Dwarf,alternate,member,25,36,11,2026-03-08 21:12:39,2026-04-06 21:55:47
Nakarkos,Mosswine,Rogue,60,Barbarian,main,member,25,36,11,2026-03-08 21:12:39,2026-04-06 21:55:47
Nakarkos,Mosspet,Magician,60,Dark Elf,main,member,25,36,11,2026-03-08 21:12:39,2026-04-06 21:55:47
Nakarkos,Nakarkos,Necromancer,57,Iksar,alternate,member,25,36,11,2026-03-08 21:12:39,2026-04-06 21:55:47
Nath,Termite,Shaman,60,Troll,main,member,22,516,508,2024-10-28 15:14:10,2024-11-18 22:21:30
Nath,Nath,Warrior,60,Ogre,alternate,member,22,516,508,2024-10-28 15:14:10,2024-11-18 22:21:30
Nath,Mangione,Bard,60,Half-Elf,alternate,member,22,516,508,2024-10-28 15:14:10,2024-11-18 22:21:30
Nath,Xindi,Beastlord,60,Iksar,main,member,22,516,508,2024-10-28 15:14:10,2024-11-18 22:21:30
Nath,Yazzo,Enchanter,53,High Elf,alternate,member,22,516,508,2024-10-28 15:14:10,2024-11-18 22:21:30
Necrocon,Necrocon,Necromancer,60,Dark Elf,main,member,109,129,20,2025-12-01 02:28:47,2025-12-20 01:51:52
Nethi,Ethiria,Rogue,60,Halfling,main,member,128,667,619,2025-11-15 21:36:03,2025-11-25 00:36:08
Nethi,Nethi,Druid,60,Halfling,main,member,128,667,619,2025-11-15 21:36:03,2025-11-25 00:36:08
Nightwish,Knightwish,Shadow Knight,36,Dark Elf,alternate,member,40,474,438,2025-10-02 23:44:19,
Nightwish,Nightwish,Bard,60,High Elf,main,member,40,474,438,2025-10-02 23:44:19,
Nightwish,Aaraden,Paladin,43,Human,alternate,member,40,474,438,2025-10-02 23:44:19,
Nightwish,Romanticide,Enchanter,60,High Elf,alternate,member,40,474,438,2025-10-02 23:44:19,
Nightwish,Knightingale,Magician,49,Gnome,alternate,member,40,474,438,2025-10-02 23:44:19,
Nilaya,Nilaya,Enchanter,58,Dark Elf,main,member,15,23,8,2025-03-09 19:21:42,2025-03-24 21:45:09
Nilaya,Mellifluous,Bard,18,Wood Elf,alternate,member,15,23,8,2025-03-09 19:21:42,2025-03-24 21:45:09
Ninjavanish,Vinamar,Enchanter,18,Dark Elf,alternate,member,395,768,373,2025-04-21 01:05:45,2025-05-19 04:37:49
Ninjavanish,Ninjavanish,Rogue,60,Barbarian,main,member,395,768,373,2025-04-21 01:05:45,2025-05-19 04:37:49
Nozzlecog,Nozzlecog,Magician,60,Gnome,main,inactive,55,273,218,2025-01-19 23:06:40,
Nozzlecog,Skywaltzer,Bard,39,Half-Elf,alternate,inactive,55,273,218,2025-01-19 23:06:40,
Nozzlecog,Reekin,Shadow Knight,10,Ogre,alternate,inactive,55,273,218,2025-01-19 23:06:40,
Numb,Taishi,Shadow Knight,55,Gnome,alternate,member,89,1083,1059,2024-10-27 23:46:10,2024-10-28 21:23:58
Numb,Smarshmallow,Warrior,52,Ogre,alternate,member,89,1083,1059,2024-10-27 23:46:10,2024-10-28 21:23:58
Numb,Filya,Cleric,60,High Elf,main,member,89,1083,1059,2024-10-27 23:46:10,2024-10-28 21:23:58
Numb,Ajja,Enchanter,59,High Elf,alternate,member,89,1083,1059,2024-10-27 23:46:10,2024-10-28 21:23:58
Numb,Devos,Shaman,20,Iksar,alternate,member,89,1083,1059,2024-10-27 23:46:10,2024-10-28 21:23:58
Numb,Numb,Bard,60,Half-Elf,main,member,89,1083,1059,2024-10-27 23:46:10,2024-10-28 21:23:58
Ohnoz,Ohnoz,Cleric,60,Gnome,main,member,51,250,201,2025-01-15 16:51:03,2025-01-20 22:37:32
Peetho,Peetho,Ranger,60,Wood Elf,main,guild leader,315,938,623,2024-10-23 12:47:08,
Peetho,Iria,Necromancer,17,Iksar,alternate,guild leader,315,938,623,2024-10-23 12:47:08,
Peetho,Thrift,Paladin,1,Erudite,alternate,guild leader,315,938,623,2024-10-23 12:47:08,
Peetho,Kitrunner,Warrior,3,Half-Elf,alternate,guild leader,315,938,623,2024-10-23 12:47:08,
Peetho,Nurrse,Cleric,59,Gnome,alternate,guild leader,315,938,623,2024-10-23 12:47:08,
Persuasions,Persuasions,Bard,47,Human,main,applicant,0,0,0,2026-03-04 03:19:08,
Plucking,Moredoor,Necromancer,51,Iksar,alternate,member,2,288,286,2026-01-10 07:15:06,2026-02-01 04:01:51
Plucking,Plucking,Ranger,60,Wood Elf,main,member,2,288,286,2026-01-10 07:15:06,2026-02-01 04:01:51
Plucking,Greenmoist,Shadow Knight,20,Iksar,alternate,member,2,288,286,2026-01-10 07:15:06,2026-02-01 04:01:51
Plucking,Lizor,Monk,38,Iksar,alternate,member,2,288,286,2026-01-10 07:15:06,2026-02-01 04:01:51
Poppernug,Poppernug,Shadow Knight,60,Human,main,member,26,85,149,2026-06-23 15:57:25,2026-06-29 17:29:48
Puarissa,Puarissa,Magician,60,Gnome,main,member,47,605,627,2025-11-30 06:07:10,2025-12-27 01:54:54
Rainfall,Rainfall,Ranger,60,Wood Elf,main,member,11,198,213,2026-04-10 04:01:18,2026-05-07 00:11:07
Rakz,Rakz,Beastlord,60,Iksar,main,member,137,204,67,2025-10-21 05:56:45,
Ramphis,Ramphis,Enchanter,60,Dark Elf,main,applicant,32,58,92,2026-06-06 20:40:15,
Ramphis,Letterfoot,Ranger,54,Halfling,alternate,applicant,32,58,92,2026-06-06 20:40:15,
Randomladders,Sirstabsalot,Rogue,60,Halfling,main,member,69,854,802,2025-03-21 02:33:22,2025-04-24 23:21:50
Randomladders,Randomladders,Shadow Knight,60,Ogre,main,member,69,854,802,2025-03-21 02:33:22,2025-04-24 23:21:50
Rawket,Phubar,Ranger,54,Wood Elf,alternate,member,97,797,754,2025-10-30 03:44:12,2025-11-14 02:14:29
Rawket,Hause,Shadow Knight,55,Gnome,alternate,member,97,797,754,2025-10-30 03:44:12,2025-11-14 02:14:29
Rawket,Rawket,Wizard,60,High Elf,main,member,97,797,754,2025-10-30 03:44:12,2025-11-14 02:14:29
Rawket,Battlebuddy,Cleric,10,Gnome,alternate,member,97,797,754,2025-10-30 03:44:12,2025-11-14 02:14:29
Razk,Rathir,Shadow Knight,51,Iksar,alternate,member,32,96,64,2025-09-06 19:53:13,2025-10-02 03:33:23
Razk,Razk,Necromancer,60,Iksar,main,member,32,96,64,2025-09-06 19:53:13,2025-10-02 03:33:23
Redonkulous,Radeekulous,Wizard,51,Dark Elf,alternate,member,330,1184,897,2024-10-29 00:55:20,2024-11-18 22:22:51
Redonkulous,Redeekulous,Necromancer,60,Iksar,alternate,member,330,1184,897,2024-10-29 00:55:20,2024-11-18 22:22:51
Redonkulous,Kelisti,Enchanter,60,Dark Elf,main,member,330,1184,897,2024-10-29 00:55:20,2024-11-18 22:22:51
Redonkulous,Redonkulous,Cleric,60,Dark Elf,main,member,330,1184,897,2024-10-29 00:55:20,2024-11-18 22:22:51
Redonkulous,Amue,Bard,60,Wood Elf,alternate,member,330,1184,897,2024-10-29 00:55:20,2024-11-18 22:22:51
Redwolf,Redwolf,Ranger,60,Wood Elf,main,member,317,372,55,2025-11-20 20:39:48,2025-12-16 01:00:58
Reija,Reija,Druid,58,Human,main,member,2,2,0,2026-02-11 20:05:23,2026-02-19 04:22:18
Relvinian,Galdous,Cleric,60,Erudite,alternate,member,88,159,73,2025-02-17 21:07:17,2025-10-02 03:25:03
Relvinian,Relvinian,Druid,60,Human,main,member,88,159,73,2025-02-17 21:07:17,2025-10-02 03:25:03
Renarin,Renarin,Cleric,60,Human,main,member,15,107,92,2025-10-26 13:14:00,2025-10-26 23:26:45
Reptilien,Ronce,Warrior,55,Wood Elf,alternate,member,95,133,38,2026-01-05 23:04:25,2026-01-24 03:24:36
Reptilien,Joyau,Bard,60,Wood Elf,alternate,member,95,133,38,2026-01-05 23:04:25,2026-01-24 03:24:36
Reptilien,Reptilien,Beastlord,60,Iksar,main,member,95,133,38,2026-01-05 23:04:25,2026-01-24 03:24:36
Reven,Kaburo,Ranger,60,Wood Elf,alternate,member,162,349,190,2025-09-01 23:40:09,2025-09-19 04:28:15
Reven,Issar,Paladin,60,Erudite,main,member,162,349,190,2025-09-01 23:40:09,2025-09-19 04:28:15
Reven,Reven,Rogue,60,Iksar,main,member,162,349,190,2025-09-01 23:40:09,2025-09-19 04:28:15
Reven,Brewlor,Cleric,60,Dwarf,alternate,member,162,349,190,2025-09-01 23:40:09,2025-09-19 04:28:15
Reven,Novissar,Wizard,60,Dark Elf,alternate,member,162,349,190,2025-09-01 23:40:09,2025-09-19 04:28:15
Reverseflash,Killabrew,Shadow Knight,46,Dark Elf,alternate,member,31,90,59,2025-09-08 17:58:35,2025-10-08 09:20:00
Reverseflash,Reverseflash,Bard,60,Half-Elf,main,member,31,90,59,2025-09-08 17:58:35,2025-10-08 09:20:00
Reverseflash,Erotika,Cleric,17,Dark Elf,alternate,member,31,90,59,2025-09-08 17:58:35,2025-10-08 09:20:00
Revisu,Revisu,Cleric,60,Dwarf,main,inactive,58,63,5,2024-10-30 00:28:20,
Rhettsu,Rhettsu,Monk,60,Iksar,main,member,11,0,73,2026-07-19 19:44:45,2026-08-09 12:03:47
Rhizzle,Rhizzle,Cleric,57,Gnome,main,former,0,2,1,,
Rookrue,Rookrue,Magician,11,Gnome,main,member,0,0,0,2026-05-24 22:10:00,2026-05-31 00:07:44
Rootwind,Rootwind,Ranger,60,Half-Elf,main,member,52,130,78,2025-09-10 00:00:36,2025-10-02 03:25:53
Rotsouls,Moroder,Bard,60,Half-Elf,main,member,110,198,146,2026-03-22 16:14:59,2026-05-07 00:12:20
Rotsouls,Rotsouls,Necromancer,60,Iksar,main,member,110,198,146,2026-03-22 16:14:59,2026-05-07 00:12:20
Rottonscale,Rottonscale,Necromancer,60,Iksar,main,member,79,114,35,2025-09-23 13:27:07,2025-10-02 03:27:30
Rounds,Rounds,Bard,60,Half-Elf,main,member,86,86,0,2024-10-26 15:08:21,2024-10-28 21:25:34
Rumford,Rumford,Ranger,60,Halfling,main,former,0,144,59,,
Rumplewink,Rhaz,Necromancer,1,Iksar,alternate,member,298,874,578,2024-10-25 23:36:06,2024-11-18 22:27:16
Rumplewink,Rumplewink,Magician,60,Gnome,main,member,298,874,578,2024-10-25 23:36:06,2024-11-18 22:27:16
Rumplewink,Djoser,Bard,12,Human,alternate,member,298,874,578,2024-10-25 23:36:06,2024-11-18 22:27:16
Rumplewink,Jahken,Rogue,1,Barbarian,alternate,member,298,874,578,2024-10-25 23:36:06,2024-11-18 22:27:16
Rumplewink,Muchu,Monk,45,Iksar,alternate,member,298,874,578,2024-10-25 23:36:06,2024-11-18 22:27:16
Rumplewink,Myrkyr,Shadow Knight,1,Iksar,alternate,member,298,874,578,2024-10-25 23:36:06,2024-11-18 22:27:16
Rumplewink,Thrym,Warrior,1,Ogre,alternate,member,298,874,578,2024-10-25 23:36:06,2024-11-18 22:27:16
Rumplewink,Phylax,Druid,1,Wood Elf,alternate,member,298,874,578,2024-10-25 23:36:06,2024-11-18 22:27:16
Rumplewink,Tralfaz,Shaman,10,Troll,alternate,member,298,874,578,2024-10-25 23:36:06,2024-11-18 22:27:16
Rumplewink,Kryphos,Wizard,3,Erudite,alternate,member,298,874,578,2024-10-25 23:36:06,2024-11-18 22:27:16
Rumplewink,Dryos,Ranger,1,Halfling,alternate,member,298,874,578,2024-10-25 23:36:06,2024-11-18 22:27:16
Rumplewink,Eirik,Paladin,1,Dwarf,alternate,member,298,874,578,2024-10-25 23:36:06,2024-11-18 22:27:16
Rumplewink,Leger,Enchanter,31,High Elf,alternate,member,298,874,578,2024-10-25 23:36:06,2024-11-18 22:27:16
Rumplewink,Malifide,Cleric,1,Dark Elf,alternate,member,298,874,578,2024-10-25 23:36:06,2024-11-18 22:27:16
Rumplewink,Dhar,Beastlord,1,Ogre,alternate,member,298,874,578,2024-10-25 23:36:06,2024-11-18 22:27:16
Saldien,Illuadin,Bard,46,Half-Elf,alternate,member,96,333,237,2025-10-12 13:31:14,2025-10-26 16:53:28
Saldien,Saldien,Magician,60,Gnome,main,member,96,333,237,2025-10-12 13:31:14,2025-10-26 16:53:28
Saldien,Kiladyen,Druid,14,Wood Elf,alternate,member,96,333,237,2025-10-12 13:31:14,2025-10-26 16:53:28
Scarloc,Scarloc,Ranger,60,Wood Elf,main,member,12,86,119,2025-12-10 23:16:46,2025-12-31 18:12:21
Scarloc,Chungis,Beastlord,58,Barbarian,alternate,member,12,86,119,2025-12-10 23:16:46,2025-12-31 18:12:21
Scarloc,Taeclis,Magician,53,High Elf,alternate,member,12,86,119,2025-12-10 23:16:46,2025-12-31 18:12:21
Scarloc,Hellebron,Paladin,56,Half-Elf,alternate,member,12,86,119,2025-12-10 23:16:46,2025-12-31 18:12:21
Scheer,Scheer,Beastlord,60,Vah Shir,main,member,19,110,91,2026-02-16 20:37:06,2026-05-07 00:12:56
Scheer,Thornication,Druid,60,Half-Elf,alternate,member,19,110,91,2026-02-16 20:37:06,2026-05-07 00:12:56
Scheer,Skanlan,Rogue,55,Halfling,alternate,member,19,110,91,2026-02-16 20:37:06,2026-05-07 00:12:56
Scheer,Maestyr,Cleric,60,High Elf,main,member,19,110,91,2026-02-16 20:37:06,2026-05-07 00:12:56
Seabright,Seabright,Shaman,60,Troll,main,member,27,15,46,2026-06-26 00:18:10,2026-07-20 15:59:26
Sebasaz,Sebasaz,Necromancer,60,Iksar,main,former,0,31,4,,
Selistryle,Alexsandara,Paladin,9,Halfling,alternate,applicant,0,0,0,2026-02-06 08:36:13,
Selistryle,Selistryle,Beastlord,30,Barbarian,main,applicant,0,0,0,2026-02-06 08:36:13,
Selistryle,Selistryal,Beastlord,40,Vah Shir,alternate,applicant,0,0,0,2026-02-06 08:36:13,
Seniden,Seniden,Bard,60,Iksar,main,member,45,54,10,2025-02-06 04:01:40,2025-03-03 05:23:13
Seniden,Szenni,Wizard,30,Dark Elf,alternate,member,45,54,10,2025-02-06 04:01:40,2025-03-03 05:23:13
Setwo,Schro,Monk,60,Human,main,member,16,409,413,2026-01-06 18:40:14,2026-01-27 02:11:41
Setwo,Haywoodd,Enchanter,49,Human,alternate,member,16,409,413,2026-01-06 18:40:14,2026-01-27 02:11:41
Setwo,Pyed,Bard,8,Half-Elf,alternate,member,16,409,413,2026-01-06 18:40:14,2026-01-27 02:11:41
Setwo,Setwo,Necromancer,60,Human,main,member,16,409,413,2026-01-06 18:40:14,2026-01-27 02:11:41
Sever,Sever,Wizard,60,Dark Elf,main,member,79,1159,1163,2024-11-23 21:40:39,
Sever,Hinder,Warrior,54,Dark Elf,alternate,member,79,1159,1163,2024-11-23 21:40:39,
Sever,Clamor,Bard,1,Wood Elf,alternate,member,79,1159,1163,2024-11-23 21:40:39,
Sever,Vagary,Shadow Knight,60,Dark Elf,main,member,79,1159,1163,2024-11-23 21:40:39,
Sever,Vesyla,Ranger,57,Wood Elf,alternate,member,79,1159,1163,2024-11-23 21:40:39,
Sever,Wane,Beastlord,1,Wood Elf,alternate,member,79,1159,1163,2024-11-23 21:40:39,
Sever,Snick,Beastlord,12,Wood Elf,alternate,member,79,1159,1163,2024-11-23 21:40:39,
Sever,Elzyana,Necromancer,12,Dark Elf,alternate,member,79,1159,1163,2024-11-23 21:40:39,
Shaamn,Shaamn,Shaman,53,Barbarian,main,member,0,0,0,2025-12-11 05:37:44,2025-12-31 18:15:01
Shakur,Shakur,Shadow Knight,60,Ogre,main,inactive,45,59,14,2024-10-25 22:50:16,
Shamis,Loone,Bard,60,Wood Elf,main,member,1,65,64,2026-04-29 23:27:45,
Shamis,Shamis,Druid,60,Halfling,main,member,1,65,64,2026-04-29 23:27:45,
Shihouin,Shihouin,Rogue,55,Dark Elf,main,applicant,4,4,0,2025-11-11 06:27:06,
Sirchantsalot,Sirchantsalot,Enchanter,16,High Elf,main,member,0,0,0,2026-05-17 23:50:58,2026-06-07 17:44:48
Sisko,Sisko,Warrior,60,Iksar,main,member,56,67,12,2026-05-28 18:48:43,2026-07-04 17:21:40
Sisterquin,Brotherquinn,Beastlord,9,Barbarian,alternate,inactive,73,311,238,2024-10-28 01:53:41,
Sisterquin,Sisterquin,Magician,60,High Elf,main,inactive,73,311,238,2024-10-28 01:53:41,
Skibiddi,Skibiddi,Beastlord,52,Ogre,main,former,0,22,1,,
Sliccsar,Sliccsar,Monk,60,Iksar,main,member,60,149,92,2024-12-29 01:07:59,2025-01-02 18:58:16
Sliccsar,Bouchad,Enchanter,40,Dark Elf,alternate,member,60,149,92,2024-12-29 01:07:59,2025-01-02 18:58:16
Slim,Slim,Enchanter,60,Dark Elf,main,applicant,11,11,0,2026-01-24 19:19:43,
Slinkystrings,Slinkystrings,Bard,52,Half-Elf,main,applicant,0,0,0,2026-02-17 04:30:12,
Slowurrole,Slowurrole,Shaman,60,Iksar,main,member,35,357,383,2026-02-18 01:48:05,2026-02-19 04:21:08
Slowurrole,Killman,Shadow Knight,60,Iksar,main,member,35,357,383,2026-02-18 01:48:05,2026-02-19 04:21:08
Slowurrole,elementaal,Magician,8,Gnome,alternate,member,35,357,383,2026-02-18 01:48:05,2026-02-19 04:21:08
Sneaksup,Sneaksup,Rogue,60,Gnome,main,former,0,119,90,,
Sneaksup,Izekiel,Magician,54,Gnome,alternate,former,0,119,90,,
Snickkers,Biggeh,Shaman,27,Ogre,alternate,former,0,73,26,,2025-01-06 16:07:21
Snickkers,Snickkers,Druid,58,Human,main,former,0,73,26,,2025-01-06 16:07:21
Socket,Socket,Druid,60,Wood Elf,main,member,15,56,41,2025-09-06 22:59:16,2025-10-08 09:20:40
Sojobo,Scrotalrodent,Shadow Knight,5,Gnome,alternate,member,47,136,89,2025-12-12 21:07:42,2026-01-02 18:24:12
Sojobo,Sojobo,Monk,60,Iksar,main,member,47,136,89,2025-12-12 21:07:42,2026-01-02 18:24:12
Sokem,Rattlekore,Magician,40,Gnome,alternate,member,67,171,104,2024-10-26 13:44:12,2024-10-28 21:26:48
Sokem,Sokem,Monk,60,Iksar,main,member,67,171,104,2024-10-26 13:44:12,2024-10-28 21:26:48
Sokem,Zavyurbags,Bard,1,Half-Elf,alternate,member,67,171,104,2024-10-26 13:44:12,2024-10-28 21:26:48
Sokem,Zavyur,Cleric,10,Dark Elf,alternate,member,67,171,104,2024-10-26 13:44:12,2024-10-28 21:26:48
Sokem,Nareena,Druid,30,Wood Elf,alternate,member,67,171,104,2024-10-26 13:44:12,2024-10-28 21:26:48
Somersault,Howsermd,Cleric,60,High Elf,alternate,member,43,1204,1209,2024-12-02 17:56:30,2025-01-02 18:42:35
Somersault,Bigdumb,Warrior,60,Wood Elf,main,member,43,1204,1209,2024-12-02 17:56:30,2025-01-02 18:42:35
Somersault,Bravebrave,Ranger,60,Wood Elf,alternate,member,43,1204,1209,2024-12-02 17:56:30,2025-01-02 18:42:35
Somersault,Johnpaul,Bard,55,Half-Elf,alternate,member,43,1204,1209,2024-12-02 17:56:30,2025-01-02 18:42:35
Somersault,Tickthe,Enchanter,60,High Elf,alternate,member,43,1204,1209,2024-12-02 17:56:30,2025-01-02 18:42:35
Somersault,Calling,Magician,60,Gnome,alternate,member,43,1204,1209,2024-12-02 17:56:30,2025-01-02 18:42:35
Somersault,Fromme,Necromancer,16,Iksar,alternate,member,43,1204,1209,2024-12-02 17:56:30,2025-01-02 18:42:35
Somersault,Somersault,Rogue,60,Dwarf,main,member,43,1204,1209,2024-12-02 17:56:30,2025-01-02 18:42:35
Somersault,Byebye,Wizard,54,Erudite,alternate,member,43,1204,1209,2024-12-02 17:56:30,2025-01-02 18:42:35
Somersault,Lufthansa,Druid,34,Halfling,alternate,member,43,1204,1209,2024-12-02 17:56:30,2025-01-02 18:42:35
Somersault,Weetank,Shadow Knight,14,Gnome,alternate,member,43,1204,1209,2024-12-02 17:56:30,2025-01-02 18:42:35
Somersault,Languid,Shaman,16,Troll,alternate,member,43,1204,1209,2024-12-02 17:56:30,2025-01-02 18:42:35
Sowforbukk,Sowforbukk,Shaman,60,Ogre,main,member,22,33,11,2025-09-19 02:53:53,2025-10-17 07:42:31
Squishidus,Squishidus,Rogue,60,Halfling,main,member,156,170,14,2025-10-20 16:51:43,
Stardrakin,Stardrakin,Shaman,60,Iksar,main,officer,102,905,931,2025-03-05 02:31:56,
Stokks,Stokks,Rogue,52,Dwarf,main,member,6,6,0,2026-06-08 01:50:19,2026-06-19 17:24:47
Stokks,Hrmm,Shadow Knight,23,Troll,alternate,member,6,6,0,2026-06-08 01:50:19,2026-06-19 17:24:47
Styxs,Styxs,Necromancer,60,Iksar,main,member,71,131,60,2025-04-20 20:47:02,2025-05-13 19:15:46
Styxs,Juck,Shadow Knight,34,Iksar,alternate,member,71,131,60,2025-04-20 20:47:02,2025-05-13 19:15:46
Susu,Susu,Ranger,60,Wood Elf,main,member,196,604,408,2025-08-08 03:46:49,2025-10-02 03:29:49
Susu,Sussudio,Enchanter,60,High Elf,main,member,196,604,408,2025-08-08 03:46:49,2025-10-02 03:29:49
Syldan,Syldan,Ranger,55,Human,main,former,0,44,6,,
Sylex,Soko,Beastlord,60,Iksar,alternate,member,21,763,774,2024-10-25 22:50:28,2024-10-28 21:27:28
Sylex,Sylex,Enchanter,60,Dark Elf,main,member,21,763,774,2024-10-25 22:50:28,2024-10-28 21:27:28
Sylex,Darien,Paladin,60,Half-Elf,main,member,21,763,774,2024-10-25 22:50:28,2024-10-28 21:27:28
Sylex,Tetragon,Bard,1,Human,alternate,member,21,763,774,2024-10-25 22:50:28,2024-10-28 21:27:28
Sylex,Soske,Wizard,52,Erudite,alternate,member,21,763,774,2024-10-25 22:50:28,2024-10-28 21:27:28
Taeolas,Xilis,Necromancer,33,Iksar,alternate,member,128,692,631,2025-12-13 02:53:27,2026-01-02 18:25:16
Taeolas,Tankith,Warrior,1,Ogre,alternate,member,128,692,631,2025-12-13 02:53:27,2026-01-02 18:25:16
Taeolas,Bowth,Ranger,56,Halfling,alternate,member,128,692,631,2025-12-13 02:53:27,2026-01-02 18:25:16
Taeolas,Caedyan,Enchanter,60,High Elf,alternate,member,128,692,631,2025-12-13 02:53:27,2026-01-02 18:25:16
Taeolas,Tanth,Bard,60,Vah Shir,main,member,128,692,631,2025-12-13 02:53:27,2026-01-02 18:25:16
Taeolas,Tinyth,Cleric,60,Halfling,alternate,member,128,692,631,2025-12-13 02:53:27,2026-01-02 18:25:16
Taeolas,Taeolas,Druid,60,Wood Elf,main,member,128,692,631,2025-12-13 02:53:27,2026-01-02 18:25:16
Taeolas,Callith,Magician,50,High Elf,alternate,member,128,692,631,2025-12-13 02:53:27,2026-01-02 18:25:16
Tatump,Tatump,Ranger,60,Wood Elf,main,member,125,227,102,2024-10-25 23:48:04,2024-10-28 21:27:45
Tazzak,Tazzak,Beastlord,32,Barbarian,main,applicant,0,0,0,2025-11-01 17:03:05,
Tazzak,Tazzok,Cleric,21,Halfling,alternate,applicant,0,0,0,2025-11-01 17:03:05,
Tazzak,Tazzek,Paladin,23,Dwarf,alternate,applicant,0,0,0,2025-11-01 17:03:05,
Tazzak,Wataru,Monk,6,Iksar,alternate,applicant,0,0,0,2025-11-01 17:03:05,
Tergrat,Tergrat,Shaman,60,Ogre,main,member,20,67,47,2025-08-28 02:19:31,2025-10-02 03:30:44
Thaotran,Thaotran,Beastlord,60,Vah Shir,main,member,69,84,15,2025-11-14 21:28:13,2025-12-06 02:36:31
Therizle,Therizle,Bard,46,Wood Elf,main,member,0,0,0,2025-12-16 23:35:06,2025-12-25 18:27:58
Thiccsar,Dirrk,Rogue,60,Wood Elf,alternate,member,325,998,718,2024-12-03 14:09:49,2025-01-03 02:59:56
Thiccsar,Stimm,Cleric,54,Human,alternate,member,325,998,718,2024-12-03 14:09:49,2025-01-03 02:59:56
Thiccsar,Deus,Paladin,60,High Elf,main,member,325,998,718,2024-12-03 14:09:49,2025-01-03 02:59:56
Thiccsar,Thiccsar,Necromancer,60,Iksar,main,member,325,998,718,2024-12-03 14:09:49,2025-01-03 02:59:56
Thiccsar,Fugli,Shaman,31,Ogre,alternate,member,325,998,718,2024-12-03 14:09:49,2025-01-03 02:59:56
Thiicc,Thiicc,Ranger,50,Human,main,former,0,35,7,,
Threx,Threx,Rogue,60,Wood Elf,main,member,38,48,10,2026-01-16 22:12:20,2026-02-09 01:37:56
Thunderquill,Trackerquill,Ranger,42,Halfling,alternate,member,33,504,471,2024-10-26 02:34:01,2024-10-28 21:28:03
Thunderquill,Sundialquill,Druid,47,Halfling,alternate,member,33,504,471,2024-10-26 02:34:01,2024-10-28 21:28:03
Thunderquill,Bulwarkquill,Warrior,14,Ogre,alternate,member,33,504,471,2024-10-26 02:34:01,2024-10-28 21:28:03
Thunderquill,Blessedquill,Paladin,8,Half-Elf,alternate,member,33,504,471,2024-10-26 02:34:01,2024-10-28 21:28:03
Thunderquill,Mezzaquill,Enchanter,44,Dark Elf,alternate,member,33,504,471,2024-10-26 02:34:01,2024-10-28 21:28:03
Thunderquill,Lifetakerquill,Shadow Knight,21,Ogre,alternate,member,33,504,471,2024-10-26 02:34:01,2024-10-28 21:28:03
Thunderquill,Roundhousequill,Monk,1,Iksar,alternate,member,33,504,471,2024-10-26 02:34:01,2024-10-28 21:28:03
Thunderquill,Zoomzoomquill,Shaman,10,Vah Shir,alternate,member,33,504,471,2024-10-26 02:34:01,2024-10-28 21:28:03
Thunderquill,Thunderquill,Magician,60,Human,main,member,33,504,471,2024-10-26 02:34:01,2024-10-28 21:28:03
Thunderquill,Stabbityquill,Rogue,32,Vah Shir,alternate,member,33,504,471,2024-10-26 02:34:01,2024-10-28 21:28:03
Tigg,Newbian,Magician,16,Erudite,alternate,member,547,1035,569,2025-09-02 19:25:03,2025-10-02 02:51:15
Tigg,Tigg,Warrior,60,Ogre,main,member,547,1035,569,2025-09-02 19:25:03,2025-10-02 02:51:15
Tigg,Hugeman,Shaman,50,Dark Elf,alternate,member,547,1035,569,2025-09-02 19:25:03,2025-10-02 02:51:15
Tigg,Blicky,Bard,60,Half-Elf,alternate,member,547,1035,569,2025-09-02 19:25:03,2025-10-02 02:51:15
Tigrex,Tigrex,Shaman,54,Ogre,main,former,0,28,4,,
Tokum,Tokum,Shadow Knight,60,Gnome,main,officer,5,340,335,2025-01-15 06:20:08,
Tonik,Scruffs,Cleric,60,Halfling,main,officer,232,1537,1360,2024-10-23 13:18:56,
Tonik,Tonik,Monk,60,Iksar,main,officer,232,1537,1360,2024-10-23 13:18:56,
Tonik,Vindibait,Shadow Knight,12,Ogre,alternate,officer,232,1537,1360,2024-10-23 13:18:56,
Tonik,Lxix,Warrior,3,Troll,alternate,officer,232,1537,1360,2024-10-23 13:18:56,
Tonik,Guenter,Bard,20,Half-Elf,alternate,officer,232,1537,1360,2024-10-23 13:18:56,
Tonik,Cubert,Magician,55,Gnome,alternate,officer,232,1537,1360,2024-10-23 13:18:56,
Toothpique,Toothpique,Rogue,50,Dwarf,main,member,7,8,1,2025-12-23 05:29:33,2026-01-12 23:59:07
Tramom,Tonkerbell,Druid,47,Halfling,alternate,applicant,22,22,0,2026-01-09 22:30:06,
Tramom,Tramom,Necromancer,60,Human,main,applicant,22,22,0,2026-01-09 22:30:06,
Trollstoll,Trollstoll,Beastlord,53,Troll,main,member,63,114,51,2026-04-23 01:27:58,2026-05-23 17:04:17
Tuscan,Appull,Enchanter,60,High Elf,alternate,member,87,183,177,2025-12-23 00:44:52,2026-01-05 19:00:47
Tuscan,Tuskin,Beastlord,60,Iksar,main,member,87,183,177,2025-12-23 00:44:52,2026-01-05 19:00:47
Tuscan,Tuskan,Bard,35,Half-Elf,alternate,member,87,183,177,2025-12-23 00:44:52,2026-01-05 19:00:47
Tuscan,Appul,Beastlord,14,Vah Shir,alternate,member,87,183,177,2025-12-23 00:44:52,2026-01-05 19:00:47
Tuscan,Tusken,Necromancer,22,Iksar,alternate,member,87,183,177,2025-12-23 00:44:52,2026-01-05 19:00:47
Tuscan,Tuscan,Shadow Knight,60,Gnome,main,member,87,183,177,2025-12-23 00:44:52,2026-01-05 19:00:47
Tuwva,Jeen,Shaman,1,Barbarian,alternate,member,149,1256,1169,2024-10-25 23:49:08,2024-10-28 21:28:33
Tuwva,Tuwa,Warrior,43,Ogre,alternate,member,149,1256,1169,2024-10-25 23:49:08,2024-10-28 21:28:33
Tuwva,Awut,Cleric,42,Dwarf,alternate,member,149,1256,1169,2024-10-25 23:49:08,2024-10-28 21:28:33
Tuwva,Tuvv,Rogue,60,Halfling,alternate,member,149,1256,1169,2024-10-25 23:49:08,2024-10-28 21:28:33
Tuwva,Tuww,Ranger,58,Halfling,alternate,member,149,1256,1169,2024-10-25 23:49:08,2024-10-28 21:28:33
Tuwva,Duvos,Monk,55,Human,alternate,member,149,1256,1169,2024-10-25 23:49:08,2024-10-28 21:28:33
Tuwva,Tuvwa,Necromancer,56,Gnome,alternate,member,149,1256,1169,2024-10-25 23:49:08,2024-10-28 21:28:33
Tuwva,Tuwva,Beastlord,60,Ogre,main,member,149,1256,1169,2024-10-25 23:49:08,2024-10-28 21:28:33
Tuwva,Duvv,Paladin,47,Dwarf,alternate,member,149,1256,1169,2024-10-25 23:49:08,2024-10-28 21:28:33
Tuwva,Tuvva,Druid,60,Halfling,main,member,149,1256,1169,2024-10-25 23:49:08,2024-10-28 21:28:33
Tuwva,Tuvvos,Magician,55,Gnome,alternate,member,149,1256,1169,2024-10-25 23:49:08,2024-10-28 21:28:33
Unconsentual,Unconsentual,Enchanter,60,Dark Elf,main,member,10,218,208,2026-02-19 00:33:34,2026-02-19 04:19:56
Unconsentual,Nocthu,Rogue,60,Halfling,main,member,10,218,208,2026-02-19 00:33:34,2026-02-19 04:19:56
Vaelaa,Vaelaa,Shadow Knight,53,Dark Elf,main,member,4,4,0,2026-05-23 00:47:58,
Valencia,Vending,Magician,43,Gnome,alternate,member,72,265,193,2024-10-30 00:04:57,2024-11-07 19:09:12
Valencia,Valencia,Enchanter,60,High Elf,main,member,72,265,193,2024-10-30 00:04:57,2024-11-07 19:09:12
Valencia,Pulldis,Shadow Knight,2,Ogre,alternate,member,72,265,193,2024-10-30 00:04:57,2024-11-07 19:09:12
Valencia,Speedster,Bard,56,Wood Elf,alternate,member,72,265,193,2024-10-30 00:04:57,2024-11-07 19:09:12
Valencia,Jules,Rogue,54,Dwarf,alternate,member,72,265,193,2024-10-30 00:04:57,2024-11-07 19:09:12
Vaylon,Meechum,Ranger,60,Wood Elf,alternate,member,81,290,249,2025-09-24 00:52:17,2025-10-13 20:06:31
Vaylon,Somos,Bard,60,Half-Elf,main,member,81,290,249,2025-09-24 00:52:17,2025-10-13 20:06:31
Vaylon,Hadrian,Cleric,60,Human,alternate,member,81,290,249,2025-09-24 00:52:17,2025-10-13 20:06:31
Vaylon,Vaylon,Magician,60,Gnome,main,member,81,290,249,2025-09-24 00:52:17,2025-10-13 20:06:31
Vesago,Vesago,Necromancer,60,Iksar,alternate,member,57,163,143,2024-10-25 23:57:33,2024-11-07 19:11:06
Vesago,Zyrath,Shaman,60,Iksar,alternate,member,57,163,143,2024-10-25 23:57:33,2024-11-07 19:11:06
Vesago,Drakkael,Enchanter,60,Dark Elf,main,member,57,163,143,2024-10-25 23:57:33,2024-11-07 19:11:06
Vesago,Daenerys,Bard,51,Human,alternate,member,57,163,143,2024-10-25 23:57:33,2024-11-07 19:11:06
Vesago,Badfriend,Magician,51,Gnome,alternate,member,57,163,143,2024-10-25 23:57:33,2024-11-07 19:11:06
Vesago,Bestfriend,Warrior,15,Ogre,alternate,member,57,163,143,2024-10-25 23:57:33,2024-11-07 19:11:06
Vesago,Dialea,Druid,60,Wood Elf,alternate,member,57,163,143,2024-10-25 23:57:33,2024-11-07 19:11:06
Vesago,Peachie,Cleric,60,Dark Elf,alternate,member,57,163,143,2024-10-25 23:57:33,2024-11-07 19:11:06
Vesago,Draaner,Monk,60,Iksar,main,member,57,163,143,2024-10-25 23:57:33,2024-11-07 19:11:06
Vetiz,Vealyn,Druid,50,Halfling,alternate,inactive,25,28,3,2024-12-09 18:52:45,
Vetiz,Vurk,Beastlord,21,Iksar,alternate,inactive,25,28,3,2024-12-09 18:52:45,
Vetiz,Vetiz,Necromancer,60,Iksar,main,inactive,25,28,3,2024-12-09 18:52:45,
Vetiz,Vouryl,Ranger,19,Wood Elf,alternate,inactive,25,28,3,2024-12-09 18:52:45,
Vexxia,Vexxia,Enchanter,60,Dark Elf,main,member,71,73,2,2025-09-30 05:23:24,2025-10-29 19:49:02
Vexxia,Sathik,Shadow Knight,46,Iksar,alternate,member,71,73,2,2025-09-30 05:23:24,2025-10-29 19:49:02
Vexxia,Curri,Bard,60,Vah Shir,main,member,71,73,2,2025-09-30 05:23:24,2025-10-29 19:49:02
Vvicked,Talented,Rogue,60,Dark Elf,main,former,0,966,951,,
Vvicked,Ravenly,Wizard,60,Dark Elf,main,former,0,966,951,,
Vvicked,Vvicked,Necromancer,60,Dark Elf,alternate,former,0,966,951,,
Vvicked,Nyana,Bard,60,Vah Shir,alternate,former,0,966,951,,
Vvicked,Wholesome,Paladin,55,High Elf,alternate,former,0,966,951,,
Wagon,Wagon,Ranger,60,Wood Elf,main,member,21,118,150,2026-05-28 17:48:54,2026-06-17 17:17:08
Warangell,Warangell,Warrior,56,Barbarian,main,inactive,80,126,46,2024-11-07 23:00:42,
Warangell,Wanadru,Druid,36,Wood Elf,alternate,inactive,80,126,46,2024-11-07 23:00:42,
Watchyaback,Fingerlickin,Warrior,31,Dwarf,alternate,member,117,216,99,2025-01-10 14:19:15,2025-01-20 20:47:56
Watchyaback,Anchanting,Enchanter,43,Dark Elf,alternate,member,117,216,99,2025-01-10 14:19:15,2025-01-20 20:47:56
Watchyaback,Faamzen,Wizard,43,Dark Elf,alternate,member,117,216,99,2025-01-10 14:19:15,2025-01-20 20:47:56
Watchyaback,Healyaz,Cleric,47,Dark Elf,alternate,member,117,216,99,2025-01-10 14:19:15,2025-01-20 20:47:56
Watchyaback,Watchyaback,Rogue,60,Gnome,main,member,117,216,99,2025-01-10 14:19:15,2025-01-20 20:47:56
Watchyaback,Laramie,Beastlord,5,Barbarian,alternate,member,117,216,99,2025-01-10 14:19:15,2025-01-20 20:47:56
Watchyaback,Necrodad,Necromancer,31,Dark Elf,alternate,member,117,216,99,2025-01-10 14:19:15,2025-01-20 20:47:56
Weasy,Weasy,Bard,60,Half-Elf,main,member,27,646,620,2024-10-25 23:48:44,2024-10-28 21:28:46
Weasy,Berek,Shaman,5,Barbarian,alternate,member,27,646,620,2024-10-25 23:48:44,2024-10-28 21:28:46
Weasy,Mithrilon,Enchanter,46,High Elf,alternate,member,27,646,620,2024-10-25 23:48:44,2024-10-28 21:28:46
Whoplays,Whoplays,Paladin,60,Human,main,member,56,61,5,2025-11-28 16:00:58,2025-12-20 01:51:26
Wiserunner,Wiserunner,Shaman,60,Barbarian,main,member,117,178,61,2026-01-19 20:44:29,2026-02-09 01:38:22
Wrenn,Wrenn,Shaman,60,Barbarian,main,member,114,126,12,2026-01-02 19:37:36,2026-01-05 21:29:02
Wyndsmyr,Wyndsmyr,Cleric,60,Dark Elf,main,applicant,75,58,42,2026-07-09 21:01:15,
Xaktar,Xaktar,Beastlord,60,Iksar,main,applicant,0,0,0,2026-07-13 03:04:03,
Xikikaz,Xikikaz,Beastlord,60,Iksar,main,member,1,208,235,2026-02-21 19:42:57,2026-03-06 01:43:27
Xikikaz,Rablak,Wizard,7,High Elf,alternate,member,1,208,235,2026-02-21 19:42:57,2026-03-06 01:43:27
Yeahbill,Stevejabs,Monk,60,Dark Elf,main,member,5,246,266,2024-10-28 00:12:46,2024-10-28 21:27:15
Yeahbill,Yeahbill,Enchanter,60,Gnome,main,member,5,246,266,2024-10-28 00:12:46,2024-10-28 21:27:15
Yeahbill,Frobow,Ranger,7,Halfling,alternate,member,5,246,266,2024-10-28 00:12:46,2024-10-28 21:27:15
Yeahbill,Spookyscary,Necromancer,55,Iksar,alternate,member,5,246,266,2024-10-28 00:12:46,2024-10-28 21:27:15
Yoren,Yoren,Shadow Knight,60,Human,main,member,41,73,32,2025-09-06 03:18:07,
Yoren,Horf,Shaman,49,Barbarian,alternate,member,41,73,32,2025-09-06 03:18:07,
Zedlord,Uppies,Cleric,60,Dwarf,alternate,officer,72,1397,1419,2024-10-24 03:14:37,
Zedlord,Zedlord,Necromancer,60,Iksar,main,officer,72,1397,1419,2024-10-24 03:14:37,
Zedlord,Hemophile,Shadow Knight,35,Iksar,alternate,officer,72,1397,1419,2024-10-24 03:14:37,
Zedlord,Martyrdom,Monk,38,Iksar,alternate,officer,72,1397,1419,2024-10-24 03:14:37,
Zedlord,Holyshirt,Paladin,60,Dark Elf,alternate,officer,72,1397,1419,2024-10-24 03:14:37,
Zedlord,Birche,Druid,60,Wood Elf,alternate,officer,72,1397,1419,2024-10-24 03:14:37,
Zedlord,Tayuya,Bard,60,Wood Elf,alternate,officer,72,1397,1419,2024-10-24 03:14:37,
Zedlord,Nightshayde,Rogue,60,Gnome,main,officer,72,1397,1419,2024-10-24 03:14:37,
Zenghu,Zenghu,Enchanter,50,Dark Elf,main,former,0,9,3,,
Zeny,Rinderpest,Shadow Knight,21,Human,alternate,inactive,116,543,427,2024-10-26 20:13:48,
Zeny,Allurer,Enchanter,6,Dark Elf,alternate,inactive,116,543,427,2024-10-26 20:13:48,
Zeny,Zeny,Cleric,60,Dark Elf,main,inactive,116,543,427,2024-10-26 20:13:48,
Zerrina,Zerrina,Necromancer,60,Dark Elf,main,member,104,648,581,2025-10-05 00:02:58,2025-10-26 20:04:18
Zerrina,Synapster,Enchanter,60,Human,main,member,104,648,581,2025-10-05 00:02:58,2025-10-26 20:04:18
Zhenya,Thalassa,Paladin,49,Erudite,alternate,member,38,38,0,2026-06-09 22:58:23,2026-06-29 17:15:47
Zhenya,Cygnus,Wizard,60,Dark Elf,alternate,member,38,38,0,2026-06-09 22:58:23,2026-06-29 17:15:47
Zhenya,Vexine,Druid,44,Wood Elf,alternate,member,38,38,0,2026-06-09 22:58:23,2026-06-29 17:15:47
Zhenya,Zhenya,Beastlord,60,Vah Shir,main,member,38,38,0,2026-06-09 22:58:23,2026-06-29 17:15:47
Zhenya,Elize,Cleric,51,Dark Elf,alternate,member,38,38,0,2026-06-09 22:58:23,2026-06-29 17:15:47
Zonka,Zonka,Magician,31,High Elf,main,applicant,0,0,0,2025-12-17 20:59:39,
Zonka,Toskew,Druid,10,Wood Elf,alternate,applicant,0,0,0,2025-12-17 20:59:39,
Zonka,Zekthar,Necromancer,3,Iksar,alternate,applicant,0,0,0,2025-12-17 20:59:39,
